Measurement time:; 12/8/2024 14:20:21
Radiation device:; Platform Accelerator
Energy:; 6 MV 
Controller:; CCU
Measurement device:; Blue Phantom 2  (48*48*41)
Field detector:; CC 13 SN 14317
Reference detector:; CC 13 SN 14316
SAD:; 1000 mm
SSD:; 1000 mm
Field size:; 100 x 100 mm
Gantry angle:; 0
Measurement medium:; Water
Scan type:; Beam
Scan mode:; Continuous
Wedge:; none

Points [mm]:
Inline; Crossline; Depth; Normalized field; Current field; Ratio
0,0; 0,0; 247,2; 30,77; 96218,3; 30,82
0,0; 0,0; 246,2; 30,97; 96846,9; 31,00
0,0; 0,0; 245,2; 31,20; 97548,7; 31,11
0,0; 0,0; 244,2; 31,35; 98032,4; 31,33
0,0; 0,0; 243,2; 31,44; 98316,5; 31,42
0,0; 0,0; 242,2; 31,69; 99078,1; 31,66
0,0; 0,0; 241,2; 31,85; 99581,2; 31,81
0,0; 0,0; 240,2; 32,03; 100142,4; 32,03
0,0; 0,0; 239,2; 32,20; 100696,3; 32,17
0,0; 0,0; 238,2; 32,34; 101108,0; 32,27
0,0; 0,0; 237,2; 32,51; 101643,7; 32,46
0,0; 0,0; 236,2; 32,72; 102300,6; 32,64
0,0; 0,0; 235,1; 32,90; 102887,8; 32,83
0,0; 0,0; 234,1; 33,08; 103426,0; 33,03
0,0; 0,0; 233,1; 33,26; 103984,5; 33,24
0,0; 0,0; 232,1; 33,46; 104635,9; 33,39
0,0; 0,0; 231,1; 33,66; 105247,3; 33,54
0,0; 0,0; 230,1; 33,83; 105765,9; 33,76
0,0; 0,0; 229,1; 33,95; 106166,7; 33,92
0,0; 0,0; 228,1; 34,12; 106693,4; 34,04
0,0; 0,0; 227,1; 34,30; 107248,0; 34,26
0,0; 0,0; 226,1; 34,50; 107881,6; 34,44
0,0; 0,0; 225,1; 34,77; 108707,6; 34,63
0,0; 0,0; 224,1; 34,93; 109208,2; 34,80
0,0; 0,0; 223,1; 35,14; 109890,4; 35,08
0,0; 0,0; 222,1; 35,27; 110294,2; 35,23
0,0; 0,0; 221,1; 35,41; 110723,2; 35,26
0,0; 0,0; 220,1; 35,63; 111420,1; 35,53
0,0; 0,0; 219,1; 35,78; 111872,5; 35,73
0,0; 0,0; 218,1; 36,04; 112677,2; 35,94
0,0; 0,0; 217,1; 36,24; 113308,9; 36,12
0,0; 0,0; 216,1; 36,45; 113976,6; 36,39
0,0; 0,0; 215,1; 36,58; 114373,9; 36,49
0,0; 0,0; 214,1; 36,79; 115050,4; 36,65
0,0; 0,0; 213,1; 37,07; 115900,9; 36,96
0,0; 0,0; 212,1; 37,26; 116519,8; 37,14
0,0; 0,0; 211,1; 37,49; 117230,9; 37,35
0,0; 0,0; 210,1; 37,67; 117774,9; 37,54
0,0; 0,0; 209,1; 37,86; 118366,9; 37,71
0,0; 0,0; 208,1; 38,04; 118957,6; 37,93
0,0; 0,0; 207,1; 38,29; 119738,1; 38,15
0,0; 0,0; 206,1; 38,48; 120312,9; 38,34
0,0; 0,0; 205,1; 38,69; 120978,9; 38,54
0,0; 0,0; 204,1; 38,91; 121678,6; 38,77
0,0; 0,0; 203,1; 39,08; 122183,3; 38,94
0,0; 0,0; 202,1; 39,33; 122984,6; 39,13
0,0; 0,0; 201,1; 39,54; 123632,6; 39,39
0,0; 0,0; 200,1; 39,77; 124361,8; 39,59
0,0; 0,0; 199,1; 40,00; 125076,9; 39,83
0,0; 0,0; 198,1; 40,16; 125567,1; 39,98
0,0; 0,0; 197,0; 40,42; 126402,5; 40,23
0,0; 0,0; 196,0; 40,63; 127028,6; 40,45
0,0; 0,0; 195,0; 40,84; 127707,2; 40,66
0,0; 0,0; 194,0; 41,16; 128696,1; 40,93
0,0; 0,0; 193,0; 41,29; 129098,3; 41,13
0,0; 0,0; 192,0; 41,53; 129868,3; 41,32
0,0; 0,0; 191,0; 41,79; 130660,4; 41,55
0,0; 0,0; 190,0; 42,04; 131460,4; 41,81
0,0; 0,0; 189,0; 42,18; 131892,9; 42,03
0,0; 0,0; 188,0; 42,45; 132747,6; 42,24
0,0; 0,0; 187,0; 42,68; 133468,1; 42,47
0,0; 0,0; 186,0; 42,95; 134310,3; 42,71
0,0; 0,0; 185,0; 43,12; 134817,0; 42,88
0,0; 0,0; 184,0; 43,43; 135797,7; 43,19
0,0; 0,0; 183,0; 43,61; 136371,4; 43,42
0,0; 0,0; 182,0; 43,84; 137096,2; 43,58
0,0; 0,0; 181,0; 44,06; 137768,4; 43,83
0,0; 0,0; 180,0; 44,37; 138742,1; 44,14
0,0; 0,0; 179,0; 44,71; 139800,8; 44,45
0,0; 0,0; 178,0; 44,92; 140458,3; 44,68
0,0; 0,0; 177,0; 45,06; 140909,0; 44,81
0,0; 0,0; 176,0; 45,33; 141739,5; 45,07
0,0; 0,0; 175,0; 45,60; 142572,7; 45,37
0,0; 0,0; 174,0; 45,86; 143394,8; 45,61
0,0; 0,0; 173,0; 46,00; 143821,0; 45,82
0,0; 0,0; 172,0; 46,28; 144716,0; 46,02
0,0; 0,0; 171,0; 46,57; 145629,6; 46,32
0,0; 0,0; 170,0; 46,87; 146547,6; 46,58
0,0; 0,0; 169,0; 47,06; 147142,0; 46,80
0,0; 0,0; 168,0; 47,34; 148020,5; 47,00
0,0; 0,0; 167,0; 47,64; 148967,3; 47,38
0,0; 0,0; 166,0; 47,82; 149537,6; 47,49
0,0; 0,0; 164,9; 48,05; 150251,5; 47,81
0,0; 0,0; 163,9; 48,38; 151261,3; 48,06
0,0; 0,0; 162,9; 48,73; 152365,2; 48,38
0,0; 0,0; 161,9; 48,97; 153107,1; 48,69
0,0; 0,0; 160,9; 49,16; 153721,8; 48,86
0,0; 0,0; 159,9; 49,40; 154465,0; 49,10
0,0; 0,0; 158,9; 49,73; 155502,6; 49,39
0,0; 0,0; 157,9; 50,02; 156408,8; 49,68
0,0; 0,0; 156,9; 50,27; 157187,4; 49,89
0,0; 0,0; 155,9; 50,54; 158029,9; 50,15
0,0; 0,0; 154,9; 50,76; 158727,3; 50,47
0,0; 0,0; 153,9; 51,00; 159478,8; 50,68
0,0; 0,0; 152,9; 51,39; 160698,9; 51,00
0,0; 0,0; 151,9; 51,67; 161563,1; 51,36
0,0; 0,0; 150,9; 51,92; 162334,6; 51,55
0,0; 0,0; 149,9; 52,19; 163184,1; 51,86
0,0; 0,0; 148,9; 52,46; 164046,8; 52,12
0,0; 0,0; 147,9; 52,63; 164568,5; 52,33
0,0; 0,0; 146,9; 53,00; 165737,5; 52,62
0,0; 0,0; 145,9; 53,39; 166949,9; 52,98
0,0; 0,0; 144,9; 53,69; 167875,6; 53,28
0,0; 0,0; 143,9; 53,96; 168737,0; 53,55
0,0; 0,0; 142,9; 54,25; 169644,8; 53,85
0,0; 0,0; 141,9; 54,40; 170087,6; 54,02
0,0; 0,0; 140,9; 54,82; 171409,8; 54,45
0,0; 0,0; 139,9; 55,12; 172342,2; 54,67
0,0; 0,0; 138,9; 55,41; 173265,9; 55,02
0,0; 0,0; 137,9; 55,64; 173980,4; 55,25
0,0; 0,0; 136,9; 55,92; 174853,4; 55,51
0,0; 0,0; 135,9; 56,38; 176296,8; 56,06
0,0; 0,0; 134,9; 56,45; 176496,0; 56,09
0,0; 0,0; 133,9; 56,81; 177641,5; 56,39
0,0; 0,0; 132,9; 57,14; 178652,2; 56,76
0,0; 0,0; 131,9; 57,46; 179672,5; 57,09
0,0; 0,0; 130,8; 57,84; 180870,8; 57,48
0,0; 0,0; 129,8; 58,07; 181583,8; 57,62
0,0; 0,0; 128,8; 58,44; 182730,9; 57,96
0,0; 0,0; 127,8; 58,78; 183801,9; 58,39
0,0; 0,0; 126,8; 59,06; 184657,1; 58,64
0,0; 0,0; 125,8; 59,45; 185902,3; 58,95
0,0; 0,0; 124,8; 59,73; 186764,2; 59,29
0,0; 0,0; 123,8; 60,05; 187774,3; 59,60
0,0; 0,0; 122,8; 60,29; 188525,5; 59,83
0,0; 0,0; 121,8; 60,67; 189709,4; 60,22
0,0; 0,0; 120,8; 61,02; 190802,4; 60,63
0,0; 0,0; 119,8; 61,42; 192058,8; 60,88
0,0; 0,0; 118,8; 61,67; 192845,5; 61,19
0,0; 0,0; 117,8; 62,06; 194046,8; 61,62
0,0; 0,0; 116,8; 62,31; 194821,4; 61,86
0,0; 0,0; 115,8; 62,69; 196012,4; 62,14
0,0; 0,0; 114,8; 63,02; 197049,3; 62,54
0,0; 0,0; 113,8; 63,44; 198369,8; 62,95
0,0; 0,0; 112,8; 63,65; 199018,4; 63,23
0,0; 0,0; 111,8; 64,10; 200438,0; 63,55
0,0; 0,0; 110,8; 64,31; 201097,3; 63,81
0,0; 0,0; 109,8; 64,75; 202451,2; 64,20
0,0; 0,0; 108,8; 64,99; 203202,2; 64,52
0,0; 0,0; 107,8; 65,46; 204673,4; 64,91
0,0; 0,0; 106,8; 65,67; 205350,2; 65,18
0,0; 0,0; 105,8; 66,08; 206616,0; 65,49
0,0; 0,0; 104,8; 66,41; 207640,0; 65,75
0,0; 0,0; 103,8; 66,76; 208745,7; 66,20
0,0; 0,0; 102,7; 67,20; 210128,7; 66,60
0,0; 0,0; 101,7; 67,49; 211022,8; 66,85
0,0; 0,0; 100,7; 67,82; 212072,4; 67,20
0,0; 0,0; 99,7; 68,20; 213237,2; 67,60
0,0; 0,0; 98,7; 68,66; 214689,5; 67,95
0,0; 0,0; 97,7; 69,07; 215957,4; 68,31
0,0; 0,0; 96,7; 69,29; 216669,2; 68,60
0,0; 0,0; 95,7; 69,75; 218086,9; 69,04
0,0; 0,0; 94,7; 70,08; 219144,7; 69,34
0,0; 0,0; 93,7; 70,45; 220281,6; 69,75
0,0; 0,0; 92,7; 70,78; 221315,2; 70,14
0,0; 0,0; 91,7; 71,17; 222535,5; 70,49
0,0; 0,0; 90,7; 71,48; 223507,9; 70,71
0,0; 0,0; 89,7; 71,95; 224961,7; 71,21
0,0; 0,0; 88,7; 72,22; 225822,0; 71,55
0,0; 0,0; 87,7; 72,66; 227201,5; 71,90
0,0; 0,0; 86,7; 73,05; 228400,4; 72,34
0,0; 0,0; 85,7; 73,38; 229432,8; 72,66
0,0; 0,0; 84,7; 73,78; 230711,7; 73,11
0,0; 0,0; 83,7; 74,16; 231891,6; 73,54
0,0; 0,0; 82,7; 74,54; 233081,1; 73,77
0,0; 0,0; 81,7; 74,98; 234448,0; 74,23
0,0; 0,0; 80,7; 75,29; 235434,3; 74,60
0,0; 0,0; 79,7; 75,68; 236633,9; 74,94
0,0; 0,0; 78,7; 76,11; 237974,2; 75,23
0,0; 0,0; 77,7; 76,47; 239099,8; 75,73
0,0; 0,0; 76,7; 76,78; 240092,6; 76,01
0,0; 0,0; 75,7; 77,27; 241597,8; 76,45
0,0; 0,0; 74,7; 77,69; 242926,2; 76,94
0,0; 0,0; 73,7; 78,04; 244006,0; 77,24
0,0; 0,0; 72,7; 78,56; 245643,1; 77,74
0,0; 0,0; 71,7; 78,89; 246685,9; 78,03
0,0; 0,0; 70,7; 79,27; 247851,7; 78,36
0,0; 0,0; 69,6; 79,71; 249235,6; 78,75
0,0; 0,0; 68,7; 80,11; 250480,9; 79,20
0,0; 0,0; 67,6; 80,47; 251630,8; 79,56
0,0; 0,0; 66,6; 80,87; 252862,0; 80,00
0,0; 0,0; 65,6; 81,34; 254334,5; 80,44
0,0; 0,0; 64,6; 81,76; 255654,1; 80,85
0,0; 0,0; 63,6; 81,97; 256311,6; 81,14
0,0; 0,0; 62,6; 82,54; 258100,9; 81,62
0,0; 0,0; 61,6; 82,90; 259224,7; 81,94
0,0; 0,0; 60,6; 83,24; 260283,0; 82,40
0,0; 0,0; 59,6; 83,74; 261856,9; 82,79
0,0; 0,0; 58,6; 84,12; 263032,3; 83,21
0,0; 0,0; 57,6; 84,53; 264318,7; 83,54
0,0; 0,0; 56,6; 84,94; 265597,7; 83,98
0,0; 0,0; 55,6; 85,33; 266827,6; 84,39
0,0; 0,0; 54,6; 85,81; 268324,3; 84,82
0,0; 0,0; 53,6; 86,11; 269266,1; 85,13
0,0; 0,0; 52,6; 86,56; 270668,2; 85,54
0,0; 0,0; 51,6; 86,92; 271782,9; 86,06
0,0; 0,0; 50,5; 87,40; 273275,4; 86,41
0,0; 0,0; 49,5; 87,92; 274923,0; 86,99
0,0; 0,0; 48,5; 88,10; 275484,1; 87,19
0,0; 0,0; 47,5; 88,63; 277132,1; 87,69
0,0; 0,0; 46,5; 89,01; 278307,5; 88,01
0,0; 0,0; 45,5; 89,57; 280081,0; 88,51
0,0; 0,0; 44,5; 90,00; 281400,3; 88,98
0,0; 0,0; 43,5; 90,42; 282737,2; 89,30
0,0; 0,0; 42,5; 90,77; 283828,5; 89,73
0,0; 0,0; 41,5; 91,17; 285083,8; 90,20
0,0; 0,0; 40,5; 91,69; 286713,3; 90,61
0,0; 0,0; 39,5; 91,89; 287322,8; 90,80
0,0; 0,0; 38,5; 92,46; 289117,8; 91,41
0,0; 0,0; 37,5; 92,85; 290336,9; 91,93
0,0; 0,0; 36,5; 93,32; 291793,3; 92,35
0,0; 0,0; 35,5; 93,65; 292827,5; 92,62
0,0; 0,0; 34,5; 94,14; 294373,1; 93,00
0,0; 0,0; 33,5; 94,60; 295799,6; 93,58
0,0; 0,0; 32,5; 95,08; 297302,8; 93,95
0,0; 0,0; 31,4; 95,52; 298664,0; 94,42
0,0; 0,0; 30,5; 95,88; 299789,9; 94,76
0,0; 0,0; 29,4; 96,20; 300809,9; 95,03
0,0; 0,0; 28,4; 96,61; 302093,6; 95,69
0,0; 0,0; 27,4; 97,16; 303790,1; 96,02
0,0; 0,0; 26,4; 97,61; 305200,8; 96,47
0,0; 0,0; 25,4; 97,95; 306286,2; 96,87
0,0; 0,0; 24,4; 98,45; 307831,0; 97,34
0,0; 0,0; 23,4; 98,79; 308911,4; 97,62
0,0; 0,0; 22,4; 99,12; 309937,4; 97,92
0,0; 0,0; 21,4; 99,52; 311185,7; 98,39
0,0; 0,0; 20,4; 99,80; 312065,9; 98,66
0,0; 0,0; 19,4; 100,13; 313090,8; 98,99
0,0; 0,0; 18,4; 100,56; 314438,3; 99,25
0,0; 0,0; 17,4; 100,80; 315194,6; 99,56
0,0; 0,0; 16,4; 100,82; 315262,0; 99,65
0,0; 0,0; 15,4; 100,96; 315691,4; 99,89
0,0; 0,0; 14,4; 101,01; 315838,7; 100,00
0,0; 0,0; 13,4; 100,99; 315781,0; 99,66
0,0; 0,0; 12,4; 100,52; 314302,4; 99,31
0,0; 0,0; 11,4; 99,95; 312542,9; 98,88
0,0; 0,0; 10,4; 99,08; 309806,1; 97,89
0,0; 0,0; 9,3; 97,86; 306003,4; 96,82
0,0; 0,0; 8,3; 96,28; 301041,9; 95,12
0,0; 0,0; 7,3; 94,03; 294023,3; 92,91
0,0; 0,0; 6,3; 91,02; 284599,3; 89,97
0,0; 0,0; 5,3; 87,16; 272528,8; 86,14
0,0; 0,0; 4,3; 81,74; 255590,6; 80,73
0,0; 0,0; 3,3; 74,99; 234470,2; 74,02
0,0; 0,0; 2,3; 65,92; 206113,0; 65,10
0,0; 0,0; 1,3; 56,56; 176867,5; 55,84
0,0; 0,0; 0,0; 51,10; 159768,4; 50,52


Measurement time:; 12/8/2024 14:28:04
Radiation device:; Platform Accelerator
Energy:; 6 MV 
Controller:; CCU
Measurement device:; Blue Phantom 2  (48*48*41)
Field detector:; CC 13 SN 14317
Reference detector:; CC 13 SN 14316
SAD:; 1000 mm
SSD:; 1000 mm
Field size:; 200 x 200 mm
Gantry angle:; 0
Measurement medium:; Water
Scan type:; Beam
Scan mode:; Continuous
Wedge:; none

Points [mm]:
Inline; Crossline; Depth; Normalized field; Current field; Ratio
0,0; 0,0; 250,0; 36,35; 113668,4; 34,35
0,0; 0,0; 249,3; 36,12; 112943,7; 34,30
0,0; 0,0; 248,2; 36,35; 113665,4; 34,49
0,0; 0,0; 247,2; 36,56; 114319,7; 34,74
0,0; 0,0; 246,2; 36,70; 114769,2; 34,86
0,0; 0,0; 245,2; 36,89; 115358,5; 35,04
0,0; 0,0; 244,2; 37,07; 115897,0; 35,19
0,0; 0,0; 243,2; 37,29; 116599,7; 35,41
0,0; 0,0; 242,2; 37,49; 117210,1; 35,59
0,0; 0,0; 241,2; 37,67; 117782,7; 35,75
0,0; 0,0; 240,2; 37,84; 118330,9; 35,90
0,0; 0,0; 239,2; 38,08; 119076,4; 36,17
0,0; 0,0; 238,2; 38,19; 119425,8; 36,26
0,0; 0,0; 237,2; 38,44; 120203,8; 36,47
0,0; 0,0; 236,2; 38,62; 120749,6; 36,62
0,0; 0,0; 235,2; 38,79; 121296,9; 36,82
0,0; 0,0; 234,1; 38,98; 121869,4; 36,99
0,0; 0,0; 233,1; 39,22; 122635,2; 37,20
0,0; 0,0; 232,1; 39,40; 123196,1; 37,36
0,0; 0,0; 231,2; 39,61; 123849,9; 37,56
0,0; 0,0; 230,1; 39,76; 124334,3; 37,70
0,0; 0,0; 229,1; 40,02; 125126,2; 37,95
0,0; 0,0; 228,1; 40,15; 125548,8; 38,08
0,0; 0,0; 227,1; 40,44; 126441,8; 38,34
0,0; 0,0; 226,1; 40,56; 126814,6; 38,42
0,0; 0,0; 225,1; 40,81; 127603,2; 38,71
0,0; 0,0; 224,1; 40,96; 128076,7; 38,84
0,0; 0,0; 223,1; 41,15; 128671,0; 39,04
0,0; 0,0; 222,1; 41,42; 129504,6; 39,24
0,0; 0,0; 221,1; 41,52; 129811,3; 39,44
0,0; 0,0; 220,1; 41,84; 130831,3; 39,64
0,0; 0,0; 219,1; 42,10; 131640,7; 39,89
0,0; 0,0; 218,1; 42,23; 132055,5; 40,00
0,0; 0,0; 217,1; 42,44; 132703,1; 40,22
0,0; 0,0; 216,1; 42,61; 133233,9; 40,47
0,0; 0,0; 215,1; 42,78; 133775,0; 40,58
0,0; 0,0; 214,1; 43,09; 134727,3; 40,86
0,0; 0,0; 213,1; 43,28; 135325,8; 41,01
0,0; 0,0; 212,1; 43,49; 135982,8; 41,21
0,0; 0,0; 211,1; 43,70; 136630,2; 41,45
0,0; 0,0; 210,1; 43,92; 137327,5; 41,61
0,0; 0,0; 209,1; 44,10; 137880,6; 41,83
0,0; 0,0; 208,1; 44,32; 138574,7; 41,99
0,0; 0,0; 207,1; 44,59; 139425,0; 42,22
0,0; 0,0; 206,1; 44,77; 140003,1; 42,43
0,0; 0,0; 205,1; 45,04; 140829,2; 42,66
0,0; 0,0; 204,1; 45,23; 141415,1; 42,77
0,0; 0,0; 203,1; 45,47; 142172,6; 43,03
0,0; 0,0; 202,1; 45,67; 142812,0; 43,29
0,0; 0,0; 201,1; 45,92; 143580,2; 43,50
0,0; 0,0; 200,1; 46,12; 144224,9; 43,64
0,0; 0,0; 199,1; 46,42; 145146,2; 43,96
0,0; 0,0; 198,1; 46,65; 145858,8; 44,17
0,0; 0,0; 197,0; 46,80; 146331,6; 44,29
0,0; 0,0; 196,0; 47,09; 147257,1; 44,58
0,0; 0,0; 195,0; 47,26; 147785,3; 44,78
0,0; 0,0; 194,0; 47,55; 148688,7; 44,97
0,0; 0,0; 193,0; 47,78; 149411,8; 45,27
0,0; 0,0; 192,0; 48,02; 150164,7; 45,46
0,0; 0,0; 191,0; 48,20; 150709,0; 45,67
0,0; 0,0; 190,0; 48,46; 151539,9; 45,89
0,0; 0,0; 189,0; 48,74; 152417,6; 46,14
0,0; 0,0; 188,0; 48,93; 152995,4; 46,32
0,0; 0,0; 187,0; 49,22; 153900,3; 46,61
0,0; 0,0; 186,0; 49,43; 154566,6; 46,81
0,0; 0,0; 185,0; 49,76; 155600,4; 47,11
0,0; 0,0; 184,0; 49,96; 156219,1; 47,25
0,0; 0,0; 183,0; 50,24; 157088,4; 47,53
0,0; 0,0; 182,0; 50,50; 157890,1; 47,79
0,0; 0,0; 181,0; 50,73; 158639,6; 48,00
0,0; 0,0; 180,0; 51,02; 159520,9; 48,25
0,0; 0,0; 179,0; 51,22; 160160,8; 48,44
0,0; 0,0; 178,0; 51,50; 161034,7; 48,68
0,0; 0,0; 177,0; 51,66; 161538,2; 48,89
0,0; 0,0; 176,0; 51,93; 162372,7; 49,10
0,0; 0,0; 175,0; 52,17; 163121,2; 49,38
0,0; 0,0; 174,0; 52,45; 163995,2; 49,64
0,0; 0,0; 173,0; 52,74; 164923,8; 49,86
0,0; 0,0; 172,0; 53,02; 165778,9; 50,13
0,0; 0,0; 171,0; 53,24; 166481,6; 50,42
0,0; 0,0; 170,0; 53,53; 167389,1; 50,60
0,0; 0,0; 169,0; 53,70; 167912,3; 50,81
0,0; 0,0; 168,0; 53,97; 168745,4; 50,99
0,0; 0,0; 166,9; 54,29; 169760,9; 51,33
0,0; 0,0; 166,0; 54,59; 170682,5; 51,66
0,0; 0,0; 165,0; 54,89; 171640,1; 51,89
0,0; 0,0; 163,9; 55,15; 172458,8; 52,15
0,0; 0,0; 162,9; 55,39; 173204,7; 52,37
0,0; 0,0; 161,9; 55,64; 173976,3; 52,62
0,0; 0,0; 160,9; 55,85; 174633,5; 52,83
0,0; 0,0; 159,9; 56,25; 175884,5; 53,20
0,0; 0,0; 158,9; 56,39; 176315,4; 53,31
0,0; 0,0; 157,9; 56,82; 177671,2; 53,64
0,0; 0,0; 156,9; 57,02; 178308,1; 53,87
0,0; 0,0; 155,9; 57,31; 179184,8; 54,15
0,0; 0,0; 154,9; 57,61; 180151,7; 54,41
0,0; 0,0; 153,9; 57,86; 180929,8; 54,66
0,0; 0,0; 152,9; 58,15; 181829,2; 54,93
0,0; 0,0; 151,9; 58,42; 182656,0; 55,19
0,0; 0,0; 150,9; 58,74; 183667,2; 55,44
0,0; 0,0; 149,9; 59,04; 184611,5; 55,75
0,0; 0,0; 148,9; 59,26; 185301,4; 56,05
0,0; 0,0; 147,9; 59,43; 185817,6; 56,14
0,0; 0,0; 146,9; 59,80; 186994,8; 56,53
0,0; 0,0; 145,9; 60,07; 187830,4; 56,75
0,0; 0,0; 144,9; 60,40; 188872,0; 57,08
0,0; 0,0; 143,9; 60,77; 190020,6; 57,45
0,0; 0,0; 142,9; 61,09; 191012,7; 57,73
0,0; 0,0; 141,9; 61,38; 191921,7; 57,97
0,0; 0,0; 140,9; 61,56; 192483,4; 58,12
0,0; 0,0; 139,9; 61,94; 193670,3; 58,50
0,0; 0,0; 138,8; 62,22; 194549,0; 58,83
0,0; 0,0; 137,8; 62,53; 195516,9; 59,09
0,0; 0,0; 136,8; 62,79; 196338,0; 59,26
0,0; 0,0; 135,8; 63,08; 197229,5; 59,62
0,0; 0,0; 134,8; 63,39; 198225,5; 59,85
0,0; 0,0; 133,8; 63,70; 199189,0; 60,20
0,0; 0,0; 132,8; 63,96; 200007,1; 60,46
0,0; 0,0; 131,8; 64,39; 201331,1; 60,79
0,0; 0,0; 130,8; 64,64; 202130,4; 61,05
0,0; 0,0; 129,8; 64,97; 203159,6; 61,34
0,0; 0,0; 128,8; 65,23; 203958,6; 61,59
0,0; 0,0; 127,8; 65,55; 204958,4; 61,86
0,0; 0,0; 126,8; 65,83; 205852,7; 62,23
0,0; 0,0; 125,8; 66,19; 206955,7; 62,51
0,0; 0,0; 124,8; 66,51; 207969,9; 62,81
0,0; 0,0; 123,8; 66,79; 208833,6; 63,08
0,0; 0,0; 122,8; 67,16; 209991,1; 63,37
0,0; 0,0; 121,8; 67,42; 210802,5; 63,60
0,0; 0,0; 120,8; 67,72; 211750,7; 63,95
0,0; 0,0; 119,8; 68,17; 213141,3; 64,35
0,0; 0,0; 118,8; 68,38; 213802,7; 64,59
0,0; 0,0; 117,8; 68,73; 214892,3; 64,94
0,0; 0,0; 116,8; 69,10; 216062,9; 65,14
0,0; 0,0; 115,8; 69,37; 216921,1; 65,49
0,0; 0,0; 114,8; 69,68; 217892,6; 65,76
0,0; 0,0; 113,8; 69,97; 218797,8; 66,05
0,0; 0,0; 112,8; 70,34; 219939,9; 66,39
0,0; 0,0; 111,8; 70,69; 221033,8; 66,75
0,0; 0,0; 110,8; 71,05; 222168,8; 67,01
0,0; 0,0; 109,8; 71,29; 222923,1; 67,38
0,0; 0,0; 108,7; 71,58; 223834,4; 67,54
0,0; 0,0; 107,7; 71,95; 224970,3; 67,94
0,0; 0,0; 106,7; 72,38; 226318,7; 68,27
0,0; 0,0; 105,7; 72,70; 227312,7; 68,64
0,0; 0,0; 104,7; 73,03; 228353,8; 68,89
0,0; 0,0; 103,7; 73,33; 229291,6; 69,28
0,0; 0,0; 102,7; 73,76; 230631,4; 69,60
0,0; 0,0; 101,7; 73,93; 231169,4; 69,80
0,0; 0,0; 100,7; 74,36; 232502,1; 70,20
0,0; 0,0; 99,7; 74,70; 233576,1; 70,48
0,0; 0,0; 98,7; 75,02; 234565,5; 70,89
0,0; 0,0; 97,7; 75,39; 235735,6; 71,16
0,0; 0,0; 96,7; 75,74; 236820,6; 71,51
0,0; 0,0; 95,7; 76,04; 237777,2; 71,78
0,0; 0,0; 94,7; 76,41; 238909,7; 72,02
0,0; 0,0; 93,7; 76,73; 239909,5; 72,47
0,0; 0,0; 92,7; 77,18; 241322,9; 72,81
0,0; 0,0; 91,7; 77,49; 242294,1; 73,20
0,0; 0,0; 90,7; 77,91; 243617,1; 73,55
0,0; 0,0; 89,7; 78,15; 244359,0; 73,70
0,0; 0,0; 88,7; 78,61; 245787,7; 74,17
0,0; 0,0; 87,7; 78,91; 246727,9; 74,53
0,0; 0,0; 86,7; 79,42; 248338,9; 74,85
0,0; 0,0; 85,7; 79,66; 249076,5; 75,20
0,0; 0,0; 84,7; 80,00; 250154,8; 75,56
0,0; 0,0; 83,7; 80,36; 251258,9; 75,75
0,0; 0,0; 82,7; 80,89; 252927,1; 76,30
0,0; 0,0; 81,7; 81,24; 254013,7; 76,61
0,0; 0,0; 80,7; 81,45; 254679,2; 76,87
0,0; 0,0; 79,7; 81,90; 256080,3; 77,20
0,0; 0,0; 78,7; 82,14; 256827,0; 77,50
0,0; 0,0; 77,7; 82,62; 258348,9; 77,90
0,0; 0,0; 76,7; 83,04; 259663,9; 78,22
0,0; 0,0; 75,7; 83,25; 260296,9; 78,57
0,0; 0,0; 74,7; 83,64; 261534,0; 78,87
0,0; 0,0; 73,6; 84,13; 263054,1; 79,39
0,0; 0,0; 72,6; 84,33; 263699,0; 79,57
0,0; 0,0; 71,6; 84,74; 264964,9; 79,99
0,0; 0,0; 70,6; 85,14; 266214,5; 80,25
0,0; 0,0; 69,6; 85,59; 267629,5; 80,63
0,0; 0,0; 68,6; 85,94; 268707,5; 81,02
0,0; 0,0; 67,6; 86,42; 270226,1; 81,54
0,0; 0,0; 66,6; 86,67; 271004,7; 81,88
0,0; 0,0; 65,6; 87,05; 272201,8; 82,15
0,0; 0,0; 64,6; 87,46; 273472,0; 82,44
0,0; 0,0; 63,6; 87,79; 274497,7; 82,74
0,0; 0,0; 62,6; 88,26; 275988,5; 83,20
0,0; 0,0; 61,6; 88,63; 277132,9; 83,66
0,0; 0,0; 60,6; 89,05; 278430,5; 83,89
0,0; 0,0; 59,6; 89,35; 279373,8; 84,32
0,0; 0,0; 58,6; 89,75; 280641,3; 84,61
0,0; 0,0; 57,6; 90,10; 281719,2; 85,02
0,0; 0,0; 56,6; 90,54; 283118,9; 85,39
0,0; 0,0; 55,6; 90,99; 284503,6; 85,67
0,0; 0,0; 54,6; 91,38; 285728,9; 86,14
0,0; 0,0; 53,5; 91,71; 286765,3; 86,42
0,0; 0,0; 52,5; 92,11; 288004,1; 86,70
0,0; 0,0; 51,6; 92,44; 289035,0; 87,18
0,0; 0,0; 50,5; 92,93; 290582,3; 87,55
0,0; 0,0; 49,5; 93,28; 291669,5; 88,00
0,0; 0,0; 48,5; 93,75; 293136,3; 88,36
0,0; 0,0; 47,5; 94,03; 294005,9; 88,73
0,0; 0,0; 46,5; 94,38; 295126,7; 89,04
0,0; 0,0; 45,5; 94,77; 296336,0; 89,44
0,0; 0,0; 44,5; 95,10; 297357,3; 89,83
0,0; 0,0; 43,5; 95,59; 298885,8; 90,22
0,0; 0,0; 42,5; 95,83; 299634,0; 90,42
0,0; 0,0; 41,5; 96,35; 301258,9; 90,86
0,0; 0,0; 40,5; 96,74; 302501,3; 91,26
0,0; 0,0; 39,5; 97,07; 303538,2; 91,61
0,0; 0,0; 38,5; 97,65; 305331,8; 92,11
0,0; 0,0; 37,5; 97,92; 306166,7; 92,41
0,0; 0,0; 36,5; 98,31; 307390,4; 92,79
0,0; 0,0; 35,4; 98,71; 308647,1; 93,14
0,0; 0,0; 34,4; 99,14; 309995,5; 93,55
0,0; 0,0; 33,4; 99,49; 311085,0; 93,79
0,0; 0,0; 32,4; 99,72; 311805,8; 94,22
0,0; 0,0; 31,4; 100,33; 313729,1; 94,67
0,0; 0,0; 30,4; 100,70; 314880,5; 94,94
0,0; 0,0; 29,4; 101,13; 316211,6; 95,47
0,0; 0,0; 28,4; 101,61; 317718,7; 95,78
0,0; 0,0; 27,4; 101,75; 318147,9; 96,07
0,0; 0,0; 26,4; 102,12; 319324,7; 96,43
0,0; 0,0; 25,4; 102,59; 320767,5; 96,83
0,0; 0,0; 24,4; 103,07; 322274,8; 97,31
0,0; 0,0; 23,4; 103,36; 323183,6; 97,53
0,0; 0,0; 22,4; 103,63; 324047,6; 97,87
0,0; 0,0; 21,4; 104,24; 325957,1; 98,34
0,0; 0,0; 20,4; 104,42; 326515,4; 98,59
0,0; 0,0; 19,4; 104,78; 327623,2; 98,88
0,0; 0,0; 18,4; 105,11; 328674,8; 99,18
0,0; 0,0; 17,4; 105,53; 329964,0; 99,58
0,0; 0,0; 16,4; 105,65; 330340,0; 99,69
0,0; 0,0; 15,4; 105,97; 331358,2; 99,94
0,0; 0,0; 14,4; 106,01; 331481,2; 100,00
0,0; 0,0; 13,4; 105,99; 331399,1; 99,94
0,0; 0,0; 12,3; 105,80; 330810,4; 99,90
0,0; 0,0; 11,3; 105,61; 330217,5; 99,61
0,0; 0,0; 10,3; 105,04; 328442,3; 99,05
0,0; 0,0; 9,3; 104,15; 325651,5; 98,25
0,0; 0,0; 8,3; 103,06; 322252,4; 97,23
0,0; 0,0; 7,3; 101,14; 316243,2; 95,39
0,0; 0,0; 6,3; 98,91; 309284,3; 93,27
0,0; 0,0; 5,3; 95,46; 298474,6; 90,09
0,0; 0,0; 4,3; 90,84; 284051,3; 85,67
0,0; 0,0; 3,3; 84,86; 265352,3; 80,00
0,0; 0,0; 2,3; 76,38; 238817,3; 72,07
0,0; 0,0; 1,3; 67,86; 212183,2; 63,97
0,0; 0,0; 0,0; 62,41; 195131,6; 58,87


Measurement time:; 12/8/2024 14:37:56
Radiation device:; Platform Accelerator
Energy:; 6 MV 
Controller:; CCU
Measurement device:; Blue Phantom 2  (48*48*41)
Field detector:; CC 13 SN 14317
Reference detector:; CC 13 SN 14316
SAD:; 1000 mm
SSD:; 1000 mm
Field size:; 50 x 50 mm
Gantry angle:; 0
Measurement medium:; Water
Scan type:; Beam
Scan mode:; Continuous
Wedge:; none

Points [mm]:
Inline; Crossline; Depth; Normalized field; Current field; Ratio
0,0; 0,0; 250,0; 25,87; 80894,7; 27,14
0,0; 0,0; 249,3; 26,05; 81450,1; 26,96
0,0; 0,0; 248,2; 26,31; 82262,3; 27,23
0,0; 0,0; 247,2; 26,38; 82492,5; 27,32
0,0; 0,0; 246,2; 26,57; 83075,8; 27,47
0,0; 0,0; 245,2; 26,75; 83656,8; 27,67
0,0; 0,0; 244,2; 26,92; 84175,9; 27,86
0,0; 0,0; 243,2; 27,05; 84580,1; 28,01
0,0; 0,0; 242,2; 27,24; 85188,9; 28,21
0,0; 0,0; 241,2; 27,27; 85281,0; 28,25
0,0; 0,0; 240,2; 27,51; 86012,4; 28,51
0,0; 0,0; 239,2; 27,69; 86582,9; 28,64
0,0; 0,0; 238,2; 27,85; 87077,2; 28,84
0,0; 0,0; 237,2; 28,03; 87645,0; 28,96
0,0; 0,0; 236,2; 28,19; 88130,1; 29,13
0,0; 0,0; 235,2; 28,30; 88483,3; 29,29
0,0; 0,0; 234,2; 28,48; 89046,3; 29,48
0,0; 0,0; 233,1; 28,61; 89470,3; 29,59
0,0; 0,0; 232,1; 28,79; 90024,8; 29,77
0,0; 0,0; 231,2; 28,99; 90644,4; 29,95
0,0; 0,0; 230,1; 29,10; 90989,4; 30,14
0,0; 0,0; 229,1; 29,30; 91601,0; 30,30
0,0; 0,0; 228,1; 29,45; 92086,5; 30,47
0,0; 0,0; 227,1; 29,68; 92812,9; 30,72
0,0; 0,0; 226,1; 29,85; 93325,3; 30,82
0,0; 0,0; 225,1; 29,97; 93715,4; 31,03
0,0; 0,0; 224,1; 30,10; 94121,1; 31,14
0,0; 0,0; 223,1; 30,38; 95006,4; 31,48
0,0; 0,0; 222,1; 30,49; 95330,4; 31,52
0,0; 0,0; 221,1; 30,63; 95787,4; 31,68
0,0; 0,0; 220,1; 30,80; 96321,6; 31,90
0,0; 0,0; 219,1; 30,95; 96786,1; 32,02
0,0; 0,0; 218,1; 31,22; 97617,1; 32,27
0,0; 0,0; 217,1; 31,36; 98058,0; 32,47
0,0; 0,0; 216,1; 31,57; 98706,5; 32,66
0,0; 0,0; 215,1; 31,75; 99272,4; 32,79
0,0; 0,0; 214,1; 31,92; 99820,5; 32,98
0,0; 0,0; 213,1; 32,04; 100197,5; 33,12
0,0; 0,0; 212,1; 32,32; 101060,3; 33,41
0,0; 0,0; 211,1; 32,42; 101383,3; 33,53
0,0; 0,0; 210,1; 32,67; 102161,8; 33,77
0,0; 0,0; 209,1; 32,85; 102721,0; 33,95
0,0; 0,0; 208,1; 33,03; 103285,1; 34,19
0,0; 0,0; 207,1; 33,24; 103924,0; 34,33
0,0; 0,0; 206,1; 33,44; 104569,8; 34,62
0,0; 0,0; 205,1; 33,66; 105255,6; 34,80
0,0; 0,0; 204,1; 33,86; 105871,4; 34,97
0,0; 0,0; 203,1; 34,04; 106439,9; 35,20
0,0; 0,0; 202,1; 34,21; 106956,5; 35,37
0,0; 0,0; 201,1; 34,40; 107555,1; 35,55
0,0; 0,0; 200,1; 34,59; 108142,3; 35,77
0,0; 0,0; 199,1; 34,84; 108939,6; 35,99
0,0; 0,0; 198,1; 35,01; 109479,2; 36,23
0,0; 0,0; 197,1; 35,24; 110204,3; 36,49
0,0; 0,0; 196,1; 35,41; 110718,0; 36,59
0,0; 0,0; 195,1; 35,59; 111284,3; 36,80
0,0; 0,0; 194,0; 35,86; 112123,6; 37,08
0,0; 0,0; 193,1; 36,05; 112728,8; 37,28
0,0; 0,0; 192,0; 36,22; 113240,7; 37,41
0,0; 0,0; 191,1; 36,47; 114043,4; 37,67
0,0; 0,0; 190,0; 36,61; 114473,6; 37,82
0,0; 0,0; 189,0; 36,85; 115233,4; 38,10
0,0; 0,0; 188,0; 37,11; 116027,3; 38,40
0,0; 0,0; 187,0; 37,35; 116774,1; 38,62
0,0; 0,0; 186,0; 37,52; 117320,7; 38,83
0,0; 0,0; 185,0; 37,82; 118268,2; 39,11
0,0; 0,0; 184,0; 37,90; 118520,1; 39,22
0,0; 0,0; 183,0; 38,19; 119410,0; 39,49
0,0; 0,0; 182,0; 38,47; 120287,5; 39,78
0,0; 0,0; 181,0; 38,66; 120883,0; 39,95
0,0; 0,0; 180,0; 38,85; 121467,5; 40,14
0,0; 0,0; 179,0; 39,13; 122344,3; 40,45
0,0; 0,0; 178,0; 39,37; 123105,2; 40,68
0,0; 0,0; 177,0; 39,63; 123905,7; 40,94
0,0; 0,0; 176,0; 39,77; 124354,6; 41,08
0,0; 0,0; 175,0; 40,02; 125131,3; 41,38
0,0; 0,0; 174,0; 40,29; 125987,0; 41,67
0,0; 0,0; 173,0; 40,48; 126565,5; 41,82
0,0; 0,0; 172,0; 40,71; 127294,4; 42,04
0,0; 0,0; 171,0; 41,01; 128239,7; 42,41
0,0; 0,0; 170,0; 41,17; 128742,4; 42,51
0,0; 0,0; 169,0; 41,47; 129658,8; 42,81
0,0; 0,0; 168,0; 41,69; 130344,4; 43,08
0,0; 0,0; 167,0; 41,91; 131053,9; 43,25
0,0; 0,0; 166,0; 42,19; 131912,7; 43,59
0,0; 0,0; 165,0; 42,33; 132362,0; 43,76
0,0; 0,0; 164,0; 42,72; 133582,8; 44,07
0,0; 0,0; 163,0; 42,91; 134170,8; 44,38
0,0; 0,0; 162,0; 43,21; 135114,1; 44,59
0,0; 0,0; 161,0; 43,38; 135647,2; 44,79
0,0; 0,0; 160,0; 43,65; 136492,2; 45,10
0,0; 0,0; 159,0; 43,84; 137074,6; 45,28
0,0; 0,0; 157,9; 44,20; 138215,2; 45,66
0,0; 0,0; 156,9; 44,39; 138805,5; 45,90
0,0; 0,0; 155,9; 44,73; 139870,6; 46,24
0,0; 0,0; 154,9; 44,97; 140623,6; 46,45
0,0; 0,0; 153,9; 45,31; 141667,7; 46,78
0,0; 0,0; 152,9; 45,57; 142475,7; 47,05
0,0; 0,0; 151,9; 45,79; 143188,1; 47,32
0,0; 0,0; 150,9; 46,00; 143843,2; 47,48
0,0; 0,0; 149,9; 46,32; 144845,1; 47,97
0,0; 0,0; 148,9; 46,66; 145888,6; 48,17
0,0; 0,0; 147,9; 46,85; 146488,8; 48,39
0,0; 0,0; 146,9; 47,20; 147593,4; 48,69
0,0; 0,0; 145,9; 47,35; 148057,0; 48,86
0,0; 0,0; 144,9; 47,72; 149203,7; 49,25
0,0; 0,0; 143,9; 47,96; 149959,9; 49,55
0,0; 0,0; 142,9; 48,20; 150701,5; 49,81
0,0; 0,0; 141,9; 48,60; 151975,5; 50,18
0,0; 0,0; 140,9; 48,88; 152851,4; 50,50
0,0; 0,0; 139,9; 49,14; 153666,7; 50,73
0,0; 0,0; 138,9; 49,37; 154370,5; 51,00
0,0; 0,0; 137,9; 49,72; 155461,1; 51,35
0,0; 0,0; 136,9; 50,04; 156479,8; 51,65
0,0; 0,0; 135,9; 50,31; 157298,8; 51,95
0,0; 0,0; 134,9; 50,52; 157978,6; 52,22
0,0; 0,0; 133,9; 50,86; 159026,7; 52,39
0,0; 0,0; 132,9; 51,22; 160156,1; 52,96
0,0; 0,0; 131,9; 51,49; 161014,6; 53,10
0,0; 0,0; 130,8; 51,72; 161720,7; 53,41
0,0; 0,0; 129,9; 52,07; 162820,5; 53,75
0,0; 0,0; 128,8; 52,41; 163864,4; 54,09
0,0; 0,0; 127,9; 52,67; 164681,6; 54,33
0,0; 0,0; 126,9; 52,97; 165637,2; 54,78
0,0; 0,0; 125,9; 53,32; 166718,2; 55,09
0,0; 0,0; 124,9; 53,61; 167618,9; 55,29
0,0; 0,0; 123,9; 53,92; 168584,7; 55,60
0,0; 0,0; 122,8; 54,30; 169789,2; 56,00
0,0; 0,0; 121,8; 54,54; 170534,5; 56,35
0,0; 0,0; 120,8; 54,86; 171544,4; 56,71
0,0; 0,0; 119,8; 55,25; 172772,9; 57,00
0,0; 0,0; 118,8; 55,59; 173833,5; 57,42
0,0; 0,0; 117,8; 55,81; 174498,6; 57,55
0,0; 0,0; 116,8; 56,23; 175837,4; 58,09
0,0; 0,0; 115,8; 56,49; 176645,9; 58,36
0,0; 0,0; 114,8; 56,87; 177825,7; 58,64
0,0; 0,0; 113,8; 57,15; 178697,6; 59,02
0,0; 0,0; 112,8; 57,55; 179936,1; 59,39
0,0; 0,0; 111,8; 57,95; 181186,8; 59,82
0,0; 0,0; 110,8; 58,26; 182159,6; 60,07
0,0; 0,0; 109,8; 58,53; 183015,5; 60,39
0,0; 0,0; 108,8; 58,94; 184295,6; 60,77
0,0; 0,0; 107,8; 59,30; 185420,2; 61,29
0,0; 0,0; 106,8; 59,63; 186460,6; 61,55
0,0; 0,0; 105,8; 59,89; 187274,7; 61,80
0,0; 0,0; 104,8; 60,28; 188483,1; 62,41
0,0; 0,0; 103,8; 60,57; 189390,3; 62,76
0,0; 0,0; 102,8; 60,94; 190537,9; 63,01
0,0; 0,0; 101,8; 61,27; 191573,8; 63,48
0,0; 0,0; 100,8; 61,65; 192761,0; 63,87
0,0; 0,0; 99,8; 62,04; 193979,8; 64,23
0,0; 0,0; 98,8; 62,32; 194850,1; 64,56
0,0; 0,0; 97,8; 62,61; 195770,5; 64,82
0,0; 0,0; 96,8; 63,14; 197419,4; 65,37
0,0; 0,0; 95,8; 63,44; 198374,2; 65,64
0,0; 0,0; 94,8; 63,91; 199823,7; 66,20
0,0; 0,0; 93,8; 64,20; 200746,6; 66,37
0,0; 0,0; 92,7; 64,49; 201657,3; 66,77
0,0; 0,0; 91,8; 64,81; 202645,7; 67,09
0,0; 0,0; 90,7; 65,37; 204401,6; 67,54
0,0; 0,0; 89,8; 65,79; 205730,5; 68,07
0,0; 0,0; 88,7; 66,09; 206654,9; 68,41
0,0; 0,0; 87,7; 66,50; 207947,8; 68,82
0,0; 0,0; 86,7; 66,81; 208893,9; 69,14
0,0; 0,0; 85,7; 67,24; 210250,7; 69,49
0,0; 0,0; 84,8; 67,63; 211453,8; 69,94
0,0; 0,0; 83,7; 68,02; 212673,8; 70,43
0,0; 0,0; 82,7; 68,37; 213775,8; 70,72
0,0; 0,0; 81,7; 68,75; 214972,4; 71,20
0,0; 0,0; 80,7; 69,32; 216739,3; 71,69
0,0; 0,0; 79,7; 69,62; 217705,8; 71,99
0,0; 0,0; 78,7; 69,96; 218766,9; 72,42
0,0; 0,0; 77,7; 70,46; 220317,2; 73,05
0,0; 0,0; 76,7; 70,82; 221436,7; 73,21
0,0; 0,0; 75,7; 71,24; 222744,9; 73,68
0,0; 0,0; 74,7; 71,65; 224051,2; 74,12
0,0; 0,0; 73,7; 72,09; 225408,1; 74,61
0,0; 0,0; 72,7; 72,45; 226538,4; 75,01
0,0; 0,0; 71,7; 72,92; 228001,0; 75,46
0,0; 0,0; 70,7; 73,31; 229237,4; 75,81
0,0; 0,0; 69,7; 73,75; 230592,6; 76,33
0,0; 0,0; 68,7; 74,15; 231846,8; 76,66
0,0; 0,0; 67,7; 74,57; 233171,1; 77,16
0,0; 0,0; 66,7; 74,97; 234410,3; 77,58
0,0; 0,0; 65,6; 75,47; 235973,0; 78,19
0,0; 0,0; 64,6; 75,89; 237293,3; 78,61
0,0; 0,0; 63,6; 76,33; 238661,0; 79,08
0,0; 0,0; 62,6; 76,81; 240165,7; 79,53
0,0; 0,0; 61,6; 77,20; 241407,4; 79,81
0,0; 0,0; 60,6; 77,61; 242662,6; 80,28
0,0; 0,0; 59,6; 78,13; 244306,0; 80,77
0,0; 0,0; 58,6; 78,54; 245593,4; 81,26
0,0; 0,0; 57,6; 78,94; 246841,5; 81,79
0,0; 0,0; 56,6; 79,30; 247961,2; 82,08
0,0; 0,0; 55,6; 79,91; 249871,4; 82,66
0,0; 0,0; 54,6; 80,32; 251135,2; 83,07
0,0; 0,0; 53,6; 80,61; 252040,0; 83,39
0,0; 0,0; 52,6; 81,23; 253984,5; 84,00
0,0; 0,0; 51,6; 81,61; 255193,5; 84,50
0,0; 0,0; 50,6; 81,99; 256364,0; 84,98
0,0; 0,0; 49,6; 82,48; 257888,8; 85,23
0,0; 0,0; 48,6; 82,94; 259339,3; 85,77
0,0; 0,0; 47,6; 83,40; 260781,7; 86,20
0,0; 0,0; 46,6; 83,77; 261938,3; 86,71
0,0; 0,0; 45,6; 84,16; 263166,4; 87,13
0,0; 0,0; 44,6; 84,77; 265049,8; 87,61
0,0; 0,0; 43,6; 85,30; 266720,0; 88,21
0,0; 0,0; 42,6; 85,59; 267639,2; 88,54
0,0; 0,0; 41,6; 86,14; 269359,0; 89,17
0,0; 0,0; 40,5; 86,60; 270796,9; 89,61
0,0; 0,0; 39,5; 86,97; 271932,0; 89,94
0,0; 0,0; 38,5; 87,43; 273384,7; 90,57
0,0; 0,0; 37,5; 87,91; 274884,4; 90,95
0,0; 0,0; 36,5; 88,42; 276466,2; 91,63
0,0; 0,0; 35,5; 88,80; 277648,3; 91,83
0,0; 0,0; 34,5; 89,31; 279262,3; 92,25
0,0; 0,0; 33,5; 89,75; 280648,6; 92,80
0,0; 0,0; 32,5; 90,22; 282104,0; 93,50
0,0; 0,0; 31,5; 90,72; 283660,8; 93,86
0,0; 0,0; 30,5; 91,10; 284861,8; 94,22
0,0; 0,0; 29,5; 91,70; 286737,3; 94,84
0,0; 0,0; 28,5; 92,05; 287822,5; 95,35
0,0; 0,0; 27,5; 92,41; 288937,6; 95,60
0,0; 0,0; 26,5; 92,96; 290684,8; 96,19
0,0; 0,0; 25,5; 93,47; 292263,8; 96,69
0,0; 0,0; 24,5; 93,77; 293200,7; 97,09
0,0; 0,0; 23,5; 94,32; 294926,9; 97,54
0,0; 0,0; 22,4; 94,71; 296135,9; 97,93
0,0; 0,0; 21,4; 95,15; 297519,3; 98,46
0,0; 0,0; 20,4; 95,51; 298658,0; 98,92
0,0; 0,0; 19,4; 95,79; 299518,0; 99,17
0,0; 0,0; 18,4; 96,08; 300425,8; 99,27
0,0; 0,0; 17,4; 96,44; 301564,7; 99,76
0,0; 0,0; 16,4; 96,63; 302153,3; 100,00
0,0; 0,0; 15,4; 96,62; 302117,8; 99,91
0,0; 0,0; 14,4; 96,50; 301735,0; 99,72
0,0; 0,0; 13,4; 96,30; 301121,7; 99,71
0,0; 0,0; 12,4; 95,85; 299702,6; 99,11
0,0; 0,0; 11,4; 95,21; 297699,0; 98,57
0,0; 0,0; 10,4; 94,25; 294715,9; 97,46
0,0; 0,0; 9,4; 92,80; 290157,7; 96,04
0,0; 0,0; 8,4; 91,06; 284730,9; 94,14
0,0; 0,0; 7,4; 88,49; 276689,9; 91,65
0,0; 0,0; 6,4; 85,23; 266507,0; 88,13
0,0; 0,0; 5,3; 81,41; 254570,7; 84,27
0,0; 0,0; 4,3; 75,52; 236131,9; 78,22
0,0; 0,0; 3,3; 68,53; 214292,9; 70,86
0,0; 0,0; 2,3; 59,81; 187012,2; 61,84
0,0; 0,0; 1,3; 49,82; 155785,8; 51,57
0,0; 0,0; 0,0; 44,48; 139084,8; 46,00


Measurement time:; 12/8/2024 14:46:21
Radiation device:; Platform Accelerator
Energy:; 6 MV 
Controller:; CCU
Measurement device:; Blue Phantom 2  (48*48*41)
Field detector:; CC 13 SN 14317
Reference detector:; CC 13 SN 14316
SAD:; 1000 mm
SSD:; 1000 mm
Field size:; 300 x 300 mm
Gantry angle:; 0
Measurement medium:; Water
Scan type:; Beam
Scan mode:; Continuous
Wedge:; none

Points [mm]:
Inline; Crossline; Depth; Normalized field; Current field; Ratio
0,0; 0,0; 250,0; 39,30; 122874,7; 36,23
0,0; 0,0; 249,3; 39,55; 123660,4; 36,41
0,0; 0,0; 248,2; 39,77; 124359,7; 36,63
0,0; 0,0; 247,2; 40,09; 125350,3; 36,91
0,0; 0,0; 246,2; 40,18; 125647,5; 37,01
0,0; 0,0; 245,2; 40,42; 126379,3; 37,22
0,0; 0,0; 244,2; 40,57; 126841,4; 37,35
0,0; 0,0; 243,2; 40,72; 127329,3; 37,45
0,0; 0,0; 242,2; 40,95; 128043,0; 37,68
0,0; 0,0; 241,2; 41,13; 128611,9; 37,89
0,0; 0,0; 240,2; 41,36; 129332,3; 38,04
0,0; 0,0; 239,2; 41,51; 129801,4; 38,25
0,0; 0,0; 238,2; 41,69; 130373,7; 38,37
0,0; 0,0; 237,2; 41,88; 130953,2; 38,56
0,0; 0,0; 236,2; 42,17; 131869,1; 38,77
0,0; 0,0; 235,2; 42,37; 132483,4; 39,01
0,0; 0,0; 234,2; 42,51; 132921,4; 39,15
0,0; 0,0; 233,2; 42,64; 133335,2; 39,21
0,0; 0,0; 232,2; 42,92; 134209,9; 39,52
0,0; 0,0; 231,2; 43,13; 134862,5; 39,71
0,0; 0,0; 230,1; 43,29; 135355,6; 39,94
0,0; 0,0; 229,1; 43,53; 136107,4; 40,07
0,0; 0,0; 228,1; 43,68; 136580,3; 40,22
0,0; 0,0; 227,1; 43,94; 137382,8; 40,46
0,0; 0,0; 226,1; 44,12; 137955,1; 40,63
0,0; 0,0; 225,1; 44,34; 138651,3; 40,73
0,0; 0,0; 224,1; 44,46; 139020,2; 40,95
0,0; 0,0; 223,1; 44,76; 139968,6; 41,20
0,0; 0,0; 222,1; 44,95; 140550,7; 41,40
0,0; 0,0; 221,1; 45,23; 141426,2; 41,61
0,0; 0,0; 220,1; 45,32; 141707,5; 41,73
0,0; 0,0; 219,1; 45,48; 142201,2; 41,86
0,0; 0,0; 218,1; 45,72; 142950,3; 42,07
0,0; 0,0; 217,1; 45,95; 143676,5; 42,30
0,0; 0,0; 216,1; 46,20; 144471,8; 42,55
0,0; 0,0; 215,1; 46,40; 145079,0; 42,69
0,0; 0,0; 214,1; 46,73; 146111,4; 43,02
0,0; 0,0; 213,1; 46,85; 146501,4; 43,11
0,0; 0,0; 212,1; 47,03; 147044,2; 43,29
0,0; 0,0; 211,1; 47,33; 148007,7; 43,57
0,0; 0,0; 210,1; 47,52; 148601,8; 43,71
0,0; 0,0; 209,1; 47,76; 149352,9; 43,94
0,0; 0,0; 208,1; 48,02; 150165,6; 44,17
0,0; 0,0; 207,1; 48,16; 150583,7; 44,28
0,0; 0,0; 206,1; 48,38; 151289,0; 44,54
0,0; 0,0; 205,1; 48,67; 152169,1; 44,76
0,0; 0,0; 204,1; 48,87; 152793,5; 44,99
0,0; 0,0; 203,1; 49,12; 153601,5; 45,19
0,0; 0,0; 202,1; 49,32; 154215,8; 45,41
0,0; 0,0; 201,1; 49,53; 154879,4; 45,56
0,0; 0,0; 200,1; 49,78; 155664,1; 45,79
0,0; 0,0; 199,1; 49,96; 156223,3; 45,99
0,0; 0,0; 198,1; 50,17; 156871,1; 46,19
0,0; 0,0; 197,1; 50,48; 157833,7; 46,42
0,0; 0,0; 196,1; 50,67; 158430,0; 46,68
0,0; 0,0; 195,0; 50,98; 159414,5; 46,88
0,0; 0,0; 194,0; 51,12; 159833,9; 47,03
0,0; 0,0; 193,0; 51,41; 160739,0; 47,31
0,0; 0,0; 192,0; 51,72; 161704,8; 47,60
0,0; 0,0; 191,0; 51,83; 162077,5; 47,69
0,0; 0,0; 190,0; 52,06; 162774,7; 47,96
0,0; 0,0; 189,0; 52,35; 163703,2; 48,11
0,0; 0,0; 188,0; 52,63; 164563,6; 48,50
0,0; 0,0; 187,0; 52,84; 165229,9; 48,63
0,0; 0,0; 186,0; 53,13; 166134,3; 48,84
0,0; 0,0; 185,0; 53,34; 166786,5; 49,12
0,0; 0,0; 184,0; 53,60; 167589,7; 49,26
0,0; 0,0; 183,0; 53,83; 168309,2; 49,53
0,0; 0,0; 182,0; 54,06; 169039,4; 49,76
0,0; 0,0; 181,0; 54,36; 169982,4; 50,05
0,0; 0,0; 180,0; 54,51; 170455,1; 50,14
0,0; 0,0; 179,0; 54,80; 171335,8; 50,39
0,0; 0,0; 178,0; 55,02; 172038,6; 50,63
0,0; 0,0; 177,0; 55,24; 172738,3; 50,84
0,0; 0,0; 176,0; 55,56; 173722,9; 51,15
0,0; 0,0; 175,0; 55,77; 174375,3; 51,34
0,0; 0,0; 174,0; 55,94; 174930,0; 51,49
0,0; 0,0; 173,0; 56,28; 175976,4; 51,84
0,0; 0,0; 172,0; 56,57; 176895,4; 52,06
0,0; 0,0; 171,0; 56,82; 177659,3; 52,29
0,0; 0,0; 170,0; 57,15; 178697,1; 52,59
0,0; 0,0; 169,0; 57,38; 179412,2; 52,76
0,0; 0,0; 168,0; 57,68; 180365,1; 53,12
0,0; 0,0; 166,9; 57,89; 181019,8; 53,22
0,0; 0,0; 165,9; 58,10; 181683,4; 53,48
0,0; 0,0; 164,9; 58,44; 182738,8; 53,77
0,0; 0,0; 163,9; 58,70; 183530,6; 54,02
0,0; 0,0; 162,9; 59,00; 184493,0; 54,31
0,0; 0,0; 161,9; 59,30; 185407,4; 54,58
0,0; 0,0; 160,9; 59,50; 186053,6; 54,77
0,0; 0,0; 159,9; 59,84; 187112,0; 55,05
0,0; 0,0; 158,9; 59,98; 187544,2; 55,22
0,0; 0,0; 157,9; 60,29; 188527,4; 55,46
0,0; 0,0; 156,9; 60,58; 189412,1; 55,80
0,0; 0,0; 155,9; 60,84; 190243,9; 55,99
0,0; 0,0; 154,9; 61,10; 191052,5; 56,23
0,0; 0,0; 153,9; 61,41; 192028,4; 56,51
0,0; 0,0; 152,9; 61,75; 193079,0; 56,78
0,0; 0,0; 151,9; 62,03; 193945,8; 57,06
0,0; 0,0; 150,9; 62,30; 194798,4; 57,30
0,0; 0,0; 149,9; 62,54; 195540,0; 57,55
0,0; 0,0; 148,9; 62,95; 196837,4; 57,88
0,0; 0,0; 147,9; 63,11; 197325,0; 58,06
0,0; 0,0; 146,9; 63,40; 198253,7; 58,37
0,0; 0,0; 145,9; 63,73; 199259,9; 58,58
0,0; 0,0; 144,9; 64,02; 200195,8; 58,94
0,0; 0,0; 143,9; 64,28; 201003,9; 59,11
0,0; 0,0; 142,9; 64,56; 201882,1; 59,42
0,0; 0,0; 141,9; 64,84; 202749,7; 59,70
0,0; 0,0; 140,9; 65,23; 203956,1; 60,02
0,0; 0,0; 139,9; 65,40; 204506,3; 60,23
0,0; 0,0; 138,9; 65,67; 205326,6; 60,45
0,0; 0,0; 137,9; 66,01; 206417,5; 60,75
0,0; 0,0; 136,9; 66,23; 207094,9; 60,96
0,0; 0,0; 135,9; 66,53; 208013,6; 61,20
0,0; 0,0; 134,9; 66,88; 209135,7; 61,54
0,0; 0,0; 133,9; 67,26; 210323,9; 61,92
0,0; 0,0; 132,9; 67,46; 210933,8; 62,11
0,0; 0,0; 131,9; 67,84; 212122,5; 62,40
0,0; 0,0; 130,8; 68,11; 212964,1; 62,68
0,0; 0,0; 129,9; 68,50; 214189,2; 63,03
0,0; 0,0; 128,8; 68,81; 215145,1; 63,32
0,0; 0,0; 127,9; 69,06; 215932,9; 63,59
0,0; 0,0; 126,8; 69,30; 216687,4; 63,78
0,0; 0,0; 125,8; 69,68; 217879,0; 64,13
0,0; 0,0; 124,8; 69,94; 218699,8; 64,45
0,0; 0,0; 123,8; 70,22; 219582,3; 64,65
0,0; 0,0; 122,8; 70,60; 220768,7; 64,91
0,0; 0,0; 121,8; 70,83; 221477,9; 65,23
0,0; 0,0; 120,8; 71,26; 222803,4; 65,49
0,0; 0,0; 119,8; 71,47; 223465,5; 65,85
0,0; 0,0; 118,8; 71,75; 224338,5; 66,05
0,0; 0,0; 117,8; 72,26; 225937,7; 66,49
0,0; 0,0; 116,8; 72,50; 226696,8; 66,72
0,0; 0,0; 115,8; 72,88; 227884,4; 67,00
0,0; 0,0; 114,8; 73,16; 228775,1; 67,31
0,0; 0,0; 113,8; 73,43; 229618,0; 67,61
0,0; 0,0; 112,8; 73,73; 230549,9; 67,86
0,0; 0,0; 111,8; 74,06; 231559,0; 68,18
0,0; 0,0; 110,8; 74,46; 232816,3; 68,49
0,0; 0,0; 109,8; 74,66; 233435,4; 68,84
0,0; 0,0; 108,8; 75,07; 234734,3; 69,05
0,0; 0,0; 107,8; 75,47; 235986,3; 69,42
0,0; 0,0; 106,8; 75,71; 236718,7; 69,69
0,0; 0,0; 105,8; 76,02; 237689,2; 69,94
0,0; 0,0; 104,8; 76,35; 238748,9; 70,35
0,0; 0,0; 103,8; 76,68; 239756,6; 70,55
0,0; 0,0; 102,8; 77,14; 241218,0; 70,98
0,0; 0,0; 101,8; 77,27; 241604,0; 71,16
0,0; 0,0; 100,7; 77,79; 243241,3; 71,59
0,0; 0,0; 99,8; 78,09; 244185,3; 71,82
0,0; 0,0; 98,8; 78,39; 245120,9; 72,11
0,0; 0,0; 97,7; 78,68; 246028,3; 72,37
0,0; 0,0; 96,7; 79,11; 247354,8; 72,80
0,0; 0,0; 95,7; 79,37; 248164,9; 73,04
0,0; 0,0; 94,7; 79,72; 249280,1; 73,34
0,0; 0,0; 93,7; 79,99; 250121,3; 73,61
0,0; 0,0; 92,7; 80,49; 251690,1; 74,06
0,0; 0,0; 91,7; 80,86; 252838,8; 74,33
0,0; 0,0; 90,7; 81,15; 253729,5; 74,57
0,0; 0,0; 89,7; 81,44; 254642,5; 74,91
0,0; 0,0; 88,7; 81,89; 256069,5; 75,40
0,0; 0,0; 87,7; 82,16; 256903,2; 75,58
0,0; 0,0; 86,7; 82,56; 258137,7; 75,93
0,0; 0,0; 85,7; 82,89; 259187,9; 76,29
0,0; 0,0; 84,7; 83,20; 260168,6; 76,61
0,0; 0,0; 83,7; 83,54; 261220,7; 76,89
0,0; 0,0; 82,7; 84,00; 262654,8; 77,26
0,0; 0,0; 81,7; 84,30; 263580,2; 77,53
0,0; 0,0; 80,7; 84,66; 264718,3; 77,94
0,0; 0,0; 79,7; 85,02; 265847,4; 78,19
0,0; 0,0; 78,7; 85,33; 266804,4; 78,53
0,0; 0,0; 77,7; 85,72; 268035,9; 78,93
0,0; 0,0; 76,7; 86,06; 269084,4; 79,19
0,0; 0,0; 75,7; 86,44; 270299,6; 79,52
0,0; 0,0; 74,7; 86,81; 271443,0; 79,84
0,0; 0,0; 73,6; 87,14; 272486,1; 80,26
0,0; 0,0; 72,6; 87,43; 273373,0; 80,41
0,0; 0,0; 71,6; 87,91; 274869,6; 80,81
0,0; 0,0; 70,6; 88,21; 275806,5; 81,18
0,0; 0,0; 69,6; 88,59; 276993,8; 81,54
0,0; 0,0; 68,6; 88,90; 277988,2; 81,90
0,0; 0,0; 67,6; 89,32; 279293,7; 82,24
0,0; 0,0; 66,6; 89,66; 280359,7; 82,53
0,0; 0,0; 65,6; 89,88; 281055,9; 82,83
0,0; 0,0; 64,6; 90,41; 282701,2; 83,14
0,0; 0,0; 63,6; 90,65; 283434,5; 83,45
0,0; 0,0; 62,6; 91,26; 285362,6; 83,93
0,0; 0,0; 61,6; 91,47; 286007,5; 84,20
0,0; 0,0; 60,6; 91,97; 287571,6; 84,59
0,0; 0,0; 59,6; 92,29; 288570,5; 84,89
0,0; 0,0; 58,6; 92,62; 289602,9; 85,28
0,0; 0,0; 57,6; 93,13; 291193,7; 85,73
0,0; 0,0; 56,6; 93,39; 292025,7; 85,95
0,0; 0,0; 55,6; 93,74; 293107,0; 86,31
0,0; 0,0; 54,6; 94,23; 294646,5; 86,65
0,0; 0,0; 53,6; 94,50; 295501,3; 87,03
0,0; 0,0; 52,5; 94,88; 296682,3; 87,31
0,0; 0,0; 51,5; 95,25; 297843,3; 87,61
0,0; 0,0; 50,5; 95,62; 299000,3; 88,04
0,0; 0,0; 49,5; 96,06; 300349,0; 88,36
0,0; 0,0; 48,5; 96,37; 301329,7; 88,77
0,0; 0,0; 47,5; 96,81; 302718,6; 89,08
0,0; 0,0; 46,5; 97,03; 303394,4; 89,36
0,0; 0,0; 45,5; 97,54; 304989,3; 89,66
0,0; 0,0; 44,5; 98,03; 306514,3; 90,16
0,0; 0,0; 43,5; 98,42; 307737,5; 90,45
0,0; 0,0; 42,5; 98,71; 308653,3; 90,82
0,0; 0,0; 41,5; 99,09; 309840,6; 91,11
0,0; 0,0; 40,5; 99,44; 310918,8; 91,43
0,0; 0,0; 39,5; 99,85; 312217,3; 91,85
0,0; 0,0; 38,5; 100,18; 313258,6; 92,26
0,0; 0,0; 37,5; 100,58; 314484,5; 92,54
0,0; 0,0; 36,5; 101,07; 316029,1; 92,98
0,0; 0,0; 35,5; 101,47; 317293,3; 93,29
0,0; 0,0; 34,5; 101,77; 318205,5; 93,59
0,0; 0,0; 33,4; 102,13; 319345,4; 93,98
0,0; 0,0; 32,4; 102,47; 320400,6; 94,26
0,0; 0,0; 31,4; 103,10; 322384,3; 94,81
0,0; 0,0; 30,4; 103,33; 323092,0; 95,10
0,0; 0,0; 29,4; 103,75; 324406,0; 95,52
0,0; 0,0; 28,4; 103,98; 325132,1; 95,69
0,0; 0,0; 27,4; 104,51; 326776,2; 96,12
0,0; 0,0; 26,4; 104,85; 327839,7; 96,55
0,0; 0,0; 25,4; 105,16; 328807,6; 96,75
0,0; 0,0; 24,4; 105,62; 330258,2; 97,14
0,0; 0,0; 23,4; 105,89; 331110,4; 97,35
0,0; 0,0; 22,4; 106,26; 332263,4; 97,88
0,0; 0,0; 21,4; 106,64; 333441,7; 98,10
0,0; 0,0; 20,4; 106,94; 334393,3; 98,41
0,0; 0,0; 19,4; 107,27; 335412,6; 98,75
0,0; 0,0; 18,4; 107,79; 337057,5; 99,13
0,0; 0,0; 17,4; 107,99; 337675,8; 99,29
0,0; 0,0; 16,4; 108,18; 338251,1; 99,45
0,0; 0,0; 15,3; 108,38; 338890,1; 99,74
0,0; 0,0; 14,3; 108,48; 339207,2; 99,90
0,0; 0,0; 13,3; 108,75; 340047,5; 100,00
0,0; 0,0; 12,3; 108,57; 339481,3; 99,90
0,0; 0,0; 11,3; 108,41; 338965,7; 99,78
0,0; 0,0; 10,3; 107,96; 337562,0; 99,32
0,0; 0,0; 9,3; 107,34; 335623,4; 98,83
0,0; 0,0; 8,3; 106,41; 332721,6; 97,93
0,0; 0,0; 7,3; 104,89; 327977,6; 96,50
0,0; 0,0; 6,3; 102,79; 321418,0; 94,59
0,0; 0,0; 5,3; 100,06; 312869,4; 92,02
0,0; 0,0; 4,3; 96,07; 300394,3; 88,39
0,0; 0,0; 3,3; 90,72; 283668,6; 83,49
0,0; 0,0; 2,3; 83,31; 260494,7; 76,55
0,0; 0,0; 1,3; 75,46; 235937,7; 69,39
0,0; 0,0; 0,0; 70,57; 220672,2; 64,95


Measurement time:; 12/8/2024 15:14:45
Radiation device:; Platform Accelerator
Energy:; 15 MV 
Controller:; CCU
Measurement device:; Blue Phantom 2  (48*48*41)
Field detector:; CC 13 SN 14317
Reference detector:; CC 13 SN 14316
SAD:; 1000 mm
SSD:; 1000 mm
Field size:; 100 x 100 mm
Gantry angle:; 0
Measurement medium:; Water
Scan type:; Beam
Scan mode:; Continuous
Wedge:; none

Points [mm]:
Inline; Crossline; Depth; Normalized field; Current field; Ratio
0,0; 0,0; 250,0; 44,32; 138584,7; 39,80
0,0; 0,0; 249,4; 45,84; 143324,9; 39,79
0,0; 0,0; 248,2; 46,12; 144220,0; 40,00
0,0; 0,0; 247,2; 46,31; 144789,9; 40,17
0,0; 0,0; 246,2; 46,43; 145192,0; 40,34
0,0; 0,0; 245,2; 46,75; 146192,9; 40,49
0,0; 0,0; 244,2; 46,95; 146800,2; 40,71
0,0; 0,0; 243,2; 47,08; 147199,8; 40,90
0,0; 0,0; 242,2; 47,36; 148099,3; 41,09
0,0; 0,0; 241,2; 47,49; 148506,9; 41,28
0,0; 0,0; 240,2; 47,73; 149251,6; 41,41
0,0; 0,0; 239,2; 48,03; 150195,9; 41,64
0,0; 0,0; 238,2; 48,07; 150322,8; 41,80
0,0; 0,0; 237,2; 48,39; 151300,4; 42,00
0,0; 0,0; 236,2; 48,60; 151953,2; 42,12
0,0; 0,0; 235,2; 48,76; 152469,6; 42,24
0,0; 0,0; 234,2; 48,92; 152969,9; 42,49
0,0; 0,0; 233,2; 49,27; 154067,7; 42,72
0,0; 0,0; 232,2; 49,30; 154165,7; 42,81
0,0; 0,0; 231,2; 49,61; 155133,3; 43,12
0,0; 0,0; 230,2; 50,01; 156360,4; 43,28
0,0; 0,0; 229,2; 50,08; 156602,8; 43,42
0,0; 0,0; 228,2; 50,29; 157248,2; 43,67
0,0; 0,0; 227,2; 50,61; 158264,0; 43,85
0,0; 0,0; 226,2; 50,72; 158578,2; 44,06
0,0; 0,0; 225,1; 50,94; 159287,1; 44,19
0,0; 0,0; 224,1; 51,15; 159938,4; 44,33
0,0; 0,0; 223,1; 51,33; 160502,9; 44,59
0,0; 0,0; 222,1; 51,62; 161418,7; 44,72
0,0; 0,0; 221,1; 51,74; 161771,3; 44,93
0,0; 0,0; 220,1; 52,17; 163112,6; 45,21
0,0; 0,0; 219,1; 52,25; 163380,1; 45,33
0,0; 0,0; 218,1; 52,46; 164032,2; 45,52
0,0; 0,0; 217,1; 52,72; 164841,4; 45,75
0,0; 0,0; 216,1; 53,01; 165761,2; 46,02
0,0; 0,0; 215,1; 53,18; 166276,0; 46,12
0,0; 0,0; 214,1; 53,44; 167099,9; 46,46
0,0; 0,0; 213,1; 53,71; 167945,4; 46,59
0,0; 0,0; 212,1; 53,93; 168638,4; 46,77
0,0; 0,0; 211,1; 54,19; 169448,9; 47,03
0,0; 0,0; 210,1; 54,25; 169616,8; 47,08
0,0; 0,0; 209,1; 54,57; 170622,5; 47,37
0,0; 0,0; 208,1; 54,85; 171510,0; 47,63
0,0; 0,0; 207,1; 55,15; 172450,2; 47,80
0,0; 0,0; 206,1; 55,25; 172746,7; 48,04
0,0; 0,0; 205,1; 55,51; 173558,1; 48,18
0,0; 0,0; 204,1; 55,70; 174179,9; 48,47
0,0; 0,0; 203,1; 55,99; 175083,0; 48,55
0,0; 0,0; 202,1; 56,16; 175604,5; 48,79
0,0; 0,0; 201,1; 56,54; 176785,5; 49,00
0,0; 0,0; 200,1; 56,91; 177956,5; 49,31
0,0; 0,0; 199,1; 56,95; 178068,1; 49,43
0,0; 0,0; 198,1; 57,37; 179398,3; 49,72
0,0; 0,0; 197,1; 57,38; 179410,6; 49,97
0,0; 0,0; 196,1; 57,84; 180864,6; 50,20
0,0; 0,0; 195,1; 58,05; 181504,6; 50,39
0,0; 0,0; 194,1; 58,41; 182650,8; 50,64
0,0; 0,0; 193,1; 58,55; 183068,9; 50,76
0,0; 0,0; 192,1; 58,79; 183820,9; 51,02
0,0; 0,0; 191,1; 58,97; 184376,4; 51,27
0,0; 0,0; 190,1; 59,34; 185557,0; 51,52
0,0; 0,0; 189,1; 59,53; 186156,6; 51,69
0,0; 0,0; 188,0; 59,83; 187090,5; 51,98
0,0; 0,0; 187,1; 59,96; 187489,6; 52,05
0,0; 0,0; 186,1; 60,35; 188706,2; 52,33
0,0; 0,0; 185,1; 60,54; 189284,6; 52,56
0,0; 0,0; 184,0; 60,86; 190297,4; 52,81
0,0; 0,0; 183,1; 61,11; 191084,2; 53,14
0,0; 0,0; 182,0; 61,46; 192179,5; 53,23
0,0; 0,0; 181,0; 61,78; 193178,3; 53,57
0,0; 0,0; 180,0; 61,77; 193144,3; 53,76
0,0; 0,0; 179,0; 62,22; 194566,6; 54,04
0,0; 0,0; 178,0; 62,48; 195367,5; 54,18
0,0; 0,0; 177,0; 62,67; 195950,9; 54,42
0,0; 0,0; 176,0; 63,01; 197025,7; 54,74
0,0; 0,0; 175,0; 63,24; 197744,2; 54,93
0,0; 0,0; 174,0; 63,47; 198472,3; 55,22
0,0; 0,0; 173,0; 63,79; 199468,1; 55,37
0,0; 0,0; 172,0; 64,00; 200116,4; 55,63
0,0; 0,0; 171,0; 64,52; 201735,0; 55,98
0,0; 0,0; 170,0; 64,59; 201951,7; 56,24
0,0; 0,0; 169,0; 65,05; 203403,5; 56,45
0,0; 0,0; 168,0; 65,02; 203308,1; 56,63
0,0; 0,0; 167,0; 65,57; 205022,2; 56,90
0,0; 0,0; 166,0; 65,71; 205465,5; 57,16
0,0; 0,0; 165,0; 65,95; 206213,0; 57,30
0,0; 0,0; 164,0; 66,46; 207809,7; 57,61
0,0; 0,0; 163,0; 66,72; 208613,6; 57,88
0,0; 0,0; 162,0; 67,08; 209762,5; 58,20
0,0; 0,0; 161,0; 67,13; 209911,4; 58,39
0,0; 0,0; 160,0; 67,59; 211335,6; 58,71
0,0; 0,0; 159,0; 67,90; 212307,2; 58,94
0,0; 0,0; 157,9; 68,16; 213111,8; 59,15
0,0; 0,0; 156,9; 68,46; 214059,9; 59,39
0,0; 0,0; 155,9; 68,76; 215015,8; 59,73
0,0; 0,0; 154,9; 69,14; 216198,9; 59,96
0,0; 0,0; 153,9; 69,42; 217075,3; 60,27
0,0; 0,0; 152,9; 69,48; 217249,1; 60,49
0,0; 0,0; 151,9; 70,05; 219039,5; 60,75
0,0; 0,0; 150,9; 70,30; 219827,4; 61,06
0,0; 0,0; 149,9; 70,60; 220761,0; 61,28
0,0; 0,0; 148,9; 70,83; 221488,2; 61,55
0,0; 0,0; 147,9; 71,33; 223052,6; 61,89
0,0; 0,0; 146,9; 71,46; 223435,3; 62,10
0,0; 0,0; 145,9; 72,08; 225374,5; 62,49
0,0; 0,0; 144,9; 71,98; 225072,5; 62,61
0,0; 0,0; 143,9; 72,53; 226787,3; 62,90
0,0; 0,0; 142,9; 72,91; 227970,8; 63,22
0,0; 0,0; 141,9; 73,20; 228883,5; 63,52
0,0; 0,0; 140,9; 73,40; 229510,4; 63,78
0,0; 0,0; 139,9; 73,72; 230519,9; 64,09
0,0; 0,0; 138,9; 74,11; 231735,6; 64,32
0,0; 0,0; 137,9; 74,19; 231971,1; 64,62
0,0; 0,0; 136,9; 74,59; 233220,7; 64,81
0,0; 0,0; 135,9; 75,09; 234793,4; 65,26
0,0; 0,0; 134,9; 75,35; 235605,6; 65,34
0,0; 0,0; 133,9; 75,70; 236695,6; 65,70
0,0; 0,0; 132,9; 75,95; 237484,6; 65,93
0,0; 0,0; 131,9; 76,38; 238838,1; 66,29
0,0; 0,0; 130,8; 76,28; 238504,6; 66,39
0,0; 0,0; 129,9; 77,01; 240794,0; 66,76
0,0; 0,0; 128,8; 77,29; 241662,8; 67,10
0,0; 0,0; 127,9; 77,68; 242890,3; 67,43
0,0; 0,0; 126,8; 78,01; 243925,0; 67,66
0,0; 0,0; 125,9; 78,31; 244876,4; 68,06
0,0; 0,0; 124,9; 78,61; 245792,1; 68,21
0,0; 0,0; 123,9; 79,02; 247073,3; 68,61
0,0; 0,0; 122,8; 79,43; 248359,3; 68,87
0,0; 0,0; 121,8; 79,64; 249025,3; 69,08
0,0; 0,0; 120,8; 80,11; 250479,9; 69,53
0,0; 0,0; 119,8; 80,15; 250625,0; 69,73
0,0; 0,0; 118,8; 80,62; 252094,9; 69,99
0,0; 0,0; 117,8; 81,05; 253423,6; 70,37
0,0; 0,0; 116,8; 81,43; 254625,7; 70,63
0,0; 0,0; 115,8; 81,71; 255509,5; 71,00
0,0; 0,0; 114,8; 82,10; 256727,3; 71,20
0,0; 0,0; 113,8; 82,40; 257664,8; 71,61
0,0; 0,0; 112,8; 82,86; 259100,8; 71,83
0,0; 0,0; 111,8; 83,17; 260061,7; 72,12
0,0; 0,0; 110,8; 83,62; 261459,1; 72,58
0,0; 0,0; 109,8; 84,17; 263177,7; 72,98
0,0; 0,0; 108,8; 84,05; 262818,4; 73,12
0,0; 0,0; 107,8; 84,58; 264463,6; 73,44
0,0; 0,0; 106,8; 84,83; 265245,3; 73,75
0,0; 0,0; 105,8; 85,42; 267093,7; 74,12
0,0; 0,0; 104,8; 85,79; 268264,4; 74,47
0,0; 0,0; 103,8; 86,02; 268958,7; 74,81
0,0; 0,0; 102,8; 86,49; 270428,9; 75,09
0,0; 0,0; 101,8; 86,85; 271580,5; 75,34
0,0; 0,0; 100,8; 86,99; 271990,2; 75,82
0,0; 0,0; 99,8; 87,71; 274253,7; 76,03
0,0; 0,0; 98,8; 87,87; 274756,4; 76,36
0,0; 0,0; 97,8; 88,49; 276695,2; 76,87
0,0; 0,0; 96,7; 88,56; 276922,8; 76,97
0,0; 0,0; 95,8; 89,10; 278597,9; 77,36
0,0; 0,0; 94,7; 89,46; 279738,4; 77,73
0,0; 0,0; 93,8; 89,69; 280460,5; 77,93
0,0; 0,0; 92,7; 90,26; 282214,8; 78,38
0,0; 0,0; 91,8; 90,50; 282983,2; 78,53
0,0; 0,0; 90,7; 91,08; 284778,4; 78,97
0,0; 0,0; 89,7; 91,11; 284879,8; 79,29
0,0; 0,0; 88,7; 91,76; 286911,0; 79,73
0,0; 0,0; 87,7; 92,30; 288592,9; 80,06
0,0; 0,0; 86,7; 92,51; 289253,0; 80,28
0,0; 0,0; 85,7; 92,88; 290436,1; 80,71
0,0; 0,0; 84,7; 93,43; 292126,9; 81,02
0,0; 0,0; 83,7; 93,84; 293437,2; 81,32
0,0; 0,0; 82,7; 93,85; 293468,4; 81,72
0,0; 0,0; 81,7; 94,75; 296261,3; 82,09
0,0; 0,0; 80,7; 95,04; 297172,5; 82,57
0,0; 0,0; 79,7; 95,19; 297638,1; 82,66
0,0; 0,0; 78,7; 95,67; 299135,6; 83,07
0,0; 0,0; 77,7; 95,88; 299804,2; 83,39
0,0; 0,0; 76,7; 96,52; 301808,5; 83,79
0,0; 0,0; 75,7; 96,79; 302633,7; 84,12
0,0; 0,0; 74,7; 97,05; 303466,7; 84,47
0,0; 0,0; 73,7; 98,02; 306504,1; 84,91
0,0; 0,0; 72,7; 97,94; 306257,2; 85,14
0,0; 0,0; 71,7; 98,45; 307830,9; 85,39
0,0; 0,0; 70,6; 99,06; 309748,4; 86,17
0,0; 0,0; 69,6; 99,07; 309765,0; 86,03
0,0; 0,0; 68,6; 99,70; 311759,5; 86,63
0,0; 0,0; 67,6; 99,97; 312602,1; 86,98
0,0; 0,0; 66,6; 99,22; 310240,7; 87,29
0,0; 0,0; 65,6; 101,11; 316170,4; 87,72
0,0; 0,0; 64,6; 101,17; 316338,6; 88,02
0,0; 0,0; 63,6; 101,89; 318599,9; 88,44
0,0; 0,0; 62,6; 102,00; 318926,0; 88,80
0,0; 0,0; 61,6; 102,46; 320377,3; 89,05
0,0; 0,0; 60,6; 102,96; 321928,1; 89,61
0,0; 0,0; 59,6; 103,46; 323500,1; 89,88
0,0; 0,0; 58,6; 103,84; 324686,0; 90,20
0,0; 0,0; 57,6; 104,20; 325832,6; 90,76
0,0; 0,0; 56,6; 104,82; 327747,1; 90,93
0,0; 0,0; 55,6; 105,12; 328695,7; 91,39
0,0; 0,0; 54,6; 105,68; 330458,8; 91,63
0,0; 0,0; 53,6; 105,98; 331387,0; 92,10
0,0; 0,0; 52,6; 106,69; 333594,6; 92,58
0,0; 0,0; 51,6; 106,84; 334079,0; 92,85
0,0; 0,0; 50,6; 107,34; 335622,6; 93,35
0,0; 0,0; 49,6; 107,58; 336375,0; 93,68
0,0; 0,0; 48,6; 108,33; 338720,6; 94,11
0,0; 0,0; 47,5; 108,75; 340040,8; 94,48
0,0; 0,0; 46,5; 109,03; 340906,7; 94,67
0,0; 0,0; 45,5; 109,46; 342261,3; 95,12
0,0; 0,0; 44,5; 109,65; 342864,8; 95,46
0,0; 0,0; 43,5; 110,32; 344968,8; 95,80
0,0; 0,0; 42,5; 110,86; 346645,9; 96,24
0,0; 0,0; 41,5; 111,06; 347270,9; 96,59
0,0; 0,0; 40,5; 111,43; 348419,6; 96,90
0,0; 0,0; 39,5; 111,80; 349592,9; 97,10
0,0; 0,0; 38,5; 112,16; 350702,8; 97,46
0,0; 0,0; 37,5; 112,70; 352405,5; 97,88
0,0; 0,0; 36,5; 113,13; 353754,9; 98,08
0,0; 0,0; 35,5; 113,31; 354296,9; 98,34
0,0; 0,0; 34,5; 113,58; 355148,6; 98,63
0,0; 0,0; 33,4; 113,97; 356351,9; 98,97
0,0; 0,0; 32,4; 114,00; 356472,5; 99,15
0,0; 0,0; 31,4; 114,32; 357474,3; 99,34
0,0; 0,0; 30,4; 114,85; 359112,2; 99,60
0,0; 0,0; 29,4; 114,90; 359288,3; 99,76
0,0; 0,0; 28,4; 115,00; 359578,9; 99,94
0,0; 0,0; 27,4; 115,15; 360060,0; 99,88
0,0; 0,0; 26,4; 115,02; 359658,0; 99,93
0,0; 0,0; 25,4; 114,98; 359537,6; 100,00
0,0; 0,0; 24,4; 115,07; 359804,3; 99,89
0,0; 0,0; 23,4; 114,87; 359187,0; 99,77
0,0; 0,0; 22,4; 114,29; 357368,5; 99,44
0,0; 0,0; 21,4; 114,10; 356777,4; 99,12
0,0; 0,0; 20,4; 113,86; 356029,8; 98,87
0,0; 0,0; 19,4; 113,30; 354270,7; 98,31
0,0; 0,0; 18,4; 112,48; 351699,4; 97,76
0,0; 0,0; 17,4; 111,50; 348643,6; 96,95
0,0; 0,0; 16,4; 110,72; 346215,1; 95,93
0,0; 0,0; 15,4; 109,29; 341744,2; 94,96
0,0; 0,0; 14,4; 107,65; 336611,3; 93,49
0,0; 0,0; 13,4; 105,82; 330867,6; 92,25
0,0; 0,0; 12,3; 103,98; 325137,3; 90,37
0,0; 0,0; 11,3; 101,51; 317414,4; 88,23
0,0; 0,0; 10,3; 98,70; 308608,6; 85,88
0,0; 0,0; 9,3; 95,55; 298762,9; 83,11
0,0; 0,0; 8,3; 91,85; 287197,7; 79,87
0,0; 0,0; 7,3; 87,52; 273664,6; 76,16
0,0; 0,0; 6,3; 82,47; 257865,7; 71,60
0,0; 0,0; 5,3; 76,80; 240129,2; 66,70
0,0; 0,0; 4,3; 69,54; 217442,7; 60,36
0,0; 0,0; 3,3; 61,95; 193716,8; 53,79
0,0; 0,0; 2,3; 52,29; 163506,9; 45,43
0,0; 0,0; 1,3; 44,33; 138601,8; 38,47
0,0; 0,0; 0,0; 39,70; 124132,5; 34,52


Measurement time:; 12/8/2024 15:22:41
Radiation device:; Platform Accelerator
Energy:; 15 MV 
Controller:; CCU
Measurement device:; Blue Phantom 2  (48*48*41)
Field detector:; CC 13 SN 14317
Reference detector:; CC 13 SN 14316
SAD:; 1000 mm
SSD:; 1000 mm
Field size:; 200 x 200 mm
Gantry angle:; 0
Measurement medium:; Water
Scan type:; Beam
Scan mode:; Continuous
Wedge:; none

Points [mm]:
Inline; Crossline; Depth; Normalized field; Current field; Ratio
0,0; 0,0; 250,0; 48,61; 152004,2; 42,13
0,0; 0,0; 249,3; 50,80; 158832,0; 42,27
0,0; 0,0; 248,2; 50,97; 159363,2; 42,42
0,0; 0,0; 247,2; 51,26; 160276,5; 42,67
0,0; 0,0; 246,2; 51,41; 160750,6; 42,79
0,0; 0,0; 245,2; 51,60; 161352,3; 43,00
0,0; 0,0; 244,2; 51,99; 162556,5; 43,15
0,0; 0,0; 243,2; 52,12; 162965,0; 43,38
0,0; 0,0; 242,2; 52,22; 163276,8; 43,56
0,0; 0,0; 241,2; 52,67; 164677,7; 43,77
0,0; 0,0; 240,2; 52,78; 165030,4; 43,96
0,0; 0,0; 239,2; 53,06; 165901,1; 44,12
0,0; 0,0; 238,2; 53,18; 166298,2; 44,25
0,0; 0,0; 237,2; 53,50; 167289,5; 44,57
0,0; 0,0; 236,2; 53,60; 167588,4; 44,60
0,0; 0,0; 235,1; 53,91; 168556,0; 44,84
0,0; 0,0; 234,1; 54,13; 169259,9; 45,08
0,0; 0,0; 233,1; 54,27; 169689,2; 45,14
0,0; 0,0; 232,1; 54,51; 170442,8; 45,35
0,0; 0,0; 231,1; 54,68; 170990,8; 45,48
0,0; 0,0; 230,1; 55,02; 172028,2; 45,75
0,0; 0,0; 229,1; 55,20; 172589,9; 45,92
0,0; 0,0; 228,1; 55,48; 173468,7; 46,07
0,0; 0,0; 227,1; 55,62; 173916,3; 46,33
0,0; 0,0; 226,1; 55,98; 175027,1; 46,45
0,0; 0,0; 225,1; 56,12; 175472,6; 46,67
0,0; 0,0; 224,1; 56,30; 176053,9; 46,85
0,0; 0,0; 223,1; 56,62; 177053,0; 47,07
0,0; 0,0; 222,1; 56,78; 177534,1; 47,24
0,0; 0,0; 221,1; 57,18; 178781,4; 47,47
0,0; 0,0; 220,1; 57,27; 179068,6; 47,60
0,0; 0,0; 219,1; 57,52; 179864,1; 47,85
0,0; 0,0; 218,1; 57,64; 180221,3; 47,98
0,0; 0,0; 217,1; 58,05; 181519,9; 48,23
0,0; 0,0; 216,1; 58,38; 182536,6; 48,36
0,0; 0,0; 215,1; 58,36; 182490,8; 48,52
0,0; 0,0; 214,1; 58,68; 183474,2; 48,79
0,0; 0,0; 213,1; 58,87; 184088,6; 48,90
0,0; 0,0; 212,1; 59,11; 184812,6; 49,11
0,0; 0,0; 211,1; 59,49; 186022,4; 49,45
0,0; 0,0; 210,1; 59,60; 186367,6; 49,56
0,0; 0,0; 209,1; 59,98; 187560,6; 49,77
0,0; 0,0; 208,1; 60,22; 188294,1; 49,96
0,0; 0,0; 207,1; 60,43; 188968,3; 50,24
0,0; 0,0; 206,1; 60,72; 189864,5; 50,37
0,0; 0,0; 205,1; 60,86; 190310,2; 50,60
0,0; 0,0; 204,1; 61,30; 191684,2; 50,79
0,0; 0,0; 203,1; 61,59; 192582,4; 51,01
0,0; 0,0; 202,1; 61,60; 192624,7; 51,16
0,0; 0,0; 201,1; 61,84; 193366,3; 51,30
0,0; 0,0; 200,1; 62,20; 194499,4; 51,57
0,0; 0,0; 199,0; 62,41; 195152,7; 51,82
0,0; 0,0; 198,0; 62,63; 195829,4; 51,99
0,0; 0,0; 197,0; 62,90; 196673,6; 52,32
0,0; 0,0; 196,0; 63,26; 197819,6; 52,45
0,0; 0,0; 195,0; 63,45; 198394,3; 52,66
0,0; 0,0; 194,0; 63,70; 199181,4; 52,88
0,0; 0,0; 193,0; 64,07; 200322,7; 53,07
0,0; 0,0; 192,0; 64,13; 200535,2; 53,29
0,0; 0,0; 191,0; 64,51; 201714,9; 53,49
0,0; 0,0; 190,0; 64,68; 202230,4; 53,73
0,0; 0,0; 189,0; 64,91; 202951,0; 53,87
0,0; 0,0; 188,0; 65,29; 204152,4; 54,16
0,0; 0,0; 187,0; 65,54; 204925,6; 54,40
0,0; 0,0; 186,0; 65,79; 205715,7; 54,52
0,0; 0,0; 185,0; 66,14; 206809,0; 54,88
0,0; 0,0; 184,0; 66,43; 207716,0; 55,06
0,0; 0,0; 183,0; 66,61; 208293,4; 55,29
0,0; 0,0; 182,0; 66,67; 208469,4; 55,44
0,0; 0,0; 181,0; 67,30; 210438,3; 55,67
0,0; 0,0; 180,0; 67,50; 211074,2; 56,03
0,0; 0,0; 179,0; 67,69; 211644,9; 56,21
0,0; 0,0; 178,0; 68,00; 212636,8; 56,38
0,0; 0,0; 177,0; 68,25; 213402,9; 56,69
0,0; 0,0; 176,0; 68,78; 215064,8; 56,92
0,0; 0,0; 175,0; 68,83; 215234,0; 57,05
0,0; 0,0; 174,0; 69,07; 215977,5; 57,28
0,0; 0,0; 173,0; 69,37; 216913,4; 57,48
0,0; 0,0; 171,9; 69,70; 217937,5; 57,73
0,0; 0,0; 171,0; 69,84; 218382,1; 57,91
0,0; 0,0; 169,9; 70,24; 219622,5; 58,21
0,0; 0,0; 168,9; 70,58; 220698,4; 58,41
0,0; 0,0; 168,0; 70,65; 220900,1; 58,56
0,0; 0,0; 166,9; 71,20; 222632,2; 58,96
0,0; 0,0; 165,9; 71,44; 223369,2; 59,17
0,0; 0,0; 164,9; 71,71; 224230,2; 59,38
0,0; 0,0; 163,9; 72,20; 225763,5; 59,65
0,0; 0,0; 162,9; 72,27; 225975,7; 59,85
0,0; 0,0; 161,9; 72,59; 226980,7; 60,13
0,0; 0,0; 160,9; 72,84; 227764,9; 60,32
0,0; 0,0; 159,9; 73,21; 228924,4; 60,67
0,0; 0,0; 158,9; 73,52; 229895,0; 60,81
0,0; 0,0; 157,9; 73,87; 230994,3; 61,13
0,0; 0,0; 156,9; 74,21; 232042,4; 61,34
0,0; 0,0; 155,9; 74,33; 232431,1; 61,48
0,0; 0,0; 154,9; 74,61; 233302,8; 61,87
0,0; 0,0; 153,9; 74,85; 234054,0; 62,05
0,0; 0,0; 152,9; 75,29; 235410,8; 62,32
0,0; 0,0; 151,9; 75,63; 236479,5; 62,60
0,0; 0,0; 150,9; 75,96; 237502,8; 62,83
0,0; 0,0; 149,9; 76,16; 238131,7; 63,12
0,0; 0,0; 148,9; 76,66; 239688,2; 63,37
0,0; 0,0; 147,9; 76,87; 240371,1; 63,63
0,0; 0,0; 146,9; 76,99; 240729,1; 63,83
0,0; 0,0; 145,9; 77,63; 242724,1; 64,10
0,0; 0,0; 144,9; 77,82; 243342,6; 64,38
0,0; 0,0; 143,9; 78,29; 244794,7; 64,67
0,0; 0,0; 142,9; 78,47; 245348,8; 64,89
0,0; 0,0; 141,9; 78,83; 246482,7; 65,28
0,0; 0,0; 140,8; 78,86; 246584,0; 65,44
0,0; 0,0; 139,9; 79,52; 248636,3; 65,81
0,0; 0,0; 138,9; 79,78; 249464,0; 65,98
0,0; 0,0; 137,8; 80,01; 250165,7; 66,23
0,0; 0,0; 136,8; 80,43; 251490,7; 66,44
0,0; 0,0; 135,8; 80,70; 252345,8; 66,76
0,0; 0,0; 134,8; 81,10; 253590,3; 67,00
0,0; 0,0; 133,8; 81,27; 254116,8; 67,25
0,0; 0,0; 132,8; 81,77; 255689,8; 67,51
0,0; 0,0; 131,8; 82,04; 256540,1; 67,77
0,0; 0,0; 130,8; 82,40; 257639,0; 68,06
0,0; 0,0; 129,8; 82,59; 258230,9; 68,33
0,0; 0,0; 128,8; 83,05; 259673,7; 68,53
0,0; 0,0; 127,8; 83,23; 260235,8; 68,87
0,0; 0,0; 126,8; 83,61; 261429,4; 69,31
0,0; 0,0; 125,8; 83,97; 262552,2; 69,34
0,0; 0,0; 124,8; 84,20; 263266,5; 69,66
0,0; 0,0; 123,8; 84,50; 264216,0; 69,97
0,0; 0,0; 122,8; 85,01; 265803,3; 70,21
0,0; 0,0; 121,8; 85,43; 267126,8; 70,61
0,0; 0,0; 120,8; 85,45; 267191,8; 70,84
0,0; 0,0; 119,8; 85,87; 268510,9; 71,12
0,0; 0,0; 118,8; 86,37; 270051,6; 71,33
0,0; 0,0; 117,8; 86,94; 271847,9; 71,67
0,0; 0,0; 116,8; 86,97; 271948,5; 71,93
0,0; 0,0; 115,8; 87,49; 273565,4; 72,17
0,0; 0,0; 114,8; 87,67; 274116,8; 72,54
0,0; 0,0; 113,8; 88,04; 275271,8; 72,83
0,0; 0,0; 112,8; 88,42; 276476,9; 73,00
0,0; 0,0; 111,8; 88,83; 277744,5; 73,38
0,0; 0,0; 110,8; 89,06; 278468,5; 73,60
0,0; 0,0; 109,8; 89,46; 279737,2; 73,96
0,0; 0,0; 108,8; 89,84; 280924,1; 74,20
0,0; 0,0; 107,8; 90,31; 282394,3; 74,47
0,0; 0,0; 106,8; 90,29; 282325,7; 74,76
0,0; 0,0; 105,8; 90,88; 284166,9; 75,08
0,0; 0,0; 104,8; 91,27; 285384,5; 75,46
0,0; 0,0; 103,8; 91,40; 285804,5; 75,70
0,0; 0,0; 102,7; 91,65; 286584,2; 75,88
0,0; 0,0; 101,8; 92,42; 288986,9; 76,29
0,0; 0,0; 100,7; 92,68; 289802,3; 76,50
0,0; 0,0; 99,8; 92,92; 290560,7; 76,80
0,0; 0,0; 98,7; 93,40; 292056,3; 77,09
0,0; 0,0; 97,7; 93,47; 292268,7; 77,45
0,0; 0,0; 96,7; 93,83; 293388,9; 77,77
0,0; 0,0; 95,7; 94,58; 295729,9; 78,05
0,0; 0,0; 94,7; 94,89; 296699,0; 78,30
0,0; 0,0; 93,7; 95,12; 297418,7; 78,65
0,0; 0,0; 92,7; 95,64; 299060,2; 79,00
0,0; 0,0; 91,7; 95,94; 299999,4; 79,33
0,0; 0,0; 90,7; 96,31; 301158,4; 79,55
0,0; 0,0; 89,7; 96,70; 302362,1; 79,86
0,0; 0,0; 88,7; 97,16; 303797,3; 80,20
0,0; 0,0; 87,7; 97,44; 304670,9; 80,51
0,0; 0,0; 86,7; 97,95; 306280,9; 80,93
0,0; 0,0; 85,7; 98,14; 306856,1; 81,10
0,0; 0,0; 84,7; 98,78; 308868,6; 81,66
0,0; 0,0; 83,7; 99,10; 309884,2; 81,91
0,0; 0,0; 82,7; 99,37; 310706,5; 82,07
0,0; 0,0; 81,7; 99,78; 311991,3; 82,44
0,0; 0,0; 80,7; 100,17; 313209,7; 82,59
0,0; 0,0; 79,7; 100,42; 314007,8; 82,98
0,0; 0,0; 78,7; 100,68; 314797,9; 83,25
0,0; 0,0; 77,7; 101,33; 316857,1; 83,64
0,0; 0,0; 76,7; 101,73; 318102,0; 84,13
0,0; 0,0; 75,7; 102,05; 319099,3; 84,20
0,0; 0,0; 74,7; 102,22; 319640,0; 84,54
0,0; 0,0; 73,7; 103,02; 322124,9; 84,94
0,0; 0,0; 72,7; 103,23; 322779,5; 85,17
0,0; 0,0; 71,7; 103,92; 324940,0; 85,61
0,0; 0,0; 70,7; 104,16; 325702,1; 85,87
0,0; 0,0; 69,7; 104,49; 326736,9; 86,31
0,0; 0,0; 68,6; 105,00; 328322,7; 86,51
0,0; 0,0; 67,6; 105,13; 328720,1; 86,79
0,0; 0,0; 66,6; 105,69; 330479,6; 87,23
0,0; 0,0; 65,6; 106,26; 332273,0; 87,57
0,0; 0,0; 64,6; 106,48; 332937,8; 87,85
0,0; 0,0; 63,6; 106,94; 334390,0; 88,17
0,0; 0,0; 62,6; 107,34; 335645,4; 88,53
0,0; 0,0; 61,6; 107,75; 336907,4; 88,92
0,0; 0,0; 60,6; 108,03; 337779,9; 89,09
0,0; 0,0; 59,6; 108,36; 338815,0; 89,52
0,0; 0,0; 58,6; 108,91; 340535,0; 89,79
0,0; 0,0; 57,6; 109,19; 341426,9; 90,14
0,0; 0,0; 56,6; 109,83; 343433,3; 90,60
0,0; 0,0; 55,6; 110,21; 344611,8; 90,76
0,0; 0,0; 54,6; 110,58; 345759,0; 91,35
0,0; 0,0; 53,6; 111,02; 347150,3; 91,54
0,0; 0,0; 52,6; 111,43; 348409,7; 91,93
0,0; 0,0; 51,6; 111,89; 349868,7; 92,36
0,0; 0,0; 50,6; 112,39; 351419,3; 92,54
0,0; 0,0; 49,6; 112,79; 352678,5; 93,11
0,0; 0,0; 48,6; 112,93; 353115,0; 93,27
0,0; 0,0; 47,5; 113,44; 354708,5; 93,68
0,0; 0,0; 46,6; 114,05; 356628,9; 94,12
0,0; 0,0; 45,5; 114,57; 358252,2; 94,30
0,0; 0,0; 44,6; 114,74; 358789,0; 94,76
0,0; 0,0; 43,6; 115,24; 360326,2; 95,02
0,0; 0,0; 42,5; 115,70; 361766,6; 95,29
0,0; 0,0; 41,5; 116,03; 362807,3; 95,75
0,0; 0,0; 40,5; 116,37; 363872,3; 95,94
0,0; 0,0; 39,5; 116,76; 365094,1; 96,37
0,0; 0,0; 38,5; 117,37; 366996,3; 96,68
0,0; 0,0; 37,5; 117,43; 367185,0; 96,89
0,0; 0,0; 36,5; 117,92; 368706,9; 97,22
0,0; 0,0; 35,5; 118,24; 369702,9; 97,42
0,0; 0,0; 34,5; 118,48; 370469,6; 97,92
0,0; 0,0; 33,5; 119,29; 372995,7; 98,15
0,0; 0,0; 32,5; 119,58; 373920,2; 98,52
0,0; 0,0; 31,5; 119,47; 373560,4; 98,62
0,0; 0,0; 30,5; 120,09; 375490,4; 98,88
0,0; 0,0; 29,5; 120,11; 375554,2; 99,23
0,0; 0,0; 28,5; 120,54; 376911,2; 99,46
0,0; 0,0; 27,4; 120,84; 377850,0; 99,52
0,0; 0,0; 26,4; 120,75; 377559,1; 99,86
0,0; 0,0; 25,4; 120,80; 377716,3; 99,77
0,0; 0,0; 24,4; 120,89; 377996,8; 100,00
0,0; 0,0; 23,4; 121,19; 378928,4; 99,95
0,0; 0,0; 22,4; 121,28; 379215,8; 100,00
0,0; 0,0; 21,4; 121,19; 378930,4; 99,90
0,0; 0,0; 20,4; 120,87; 377952,4; 99,69
0,0; 0,0; 19,4; 120,58; 377041,3; 99,53
0,0; 0,0; 18,4; 120,16; 375727,0; 99,12
0,0; 0,0; 17,4; 119,85; 374744,6; 98,89
0,0; 0,0; 16,4; 119,13; 372514,9; 98,38
0,0; 0,0; 15,4; 118,40; 370231,1; 97,64
0,0; 0,0; 14,4; 117,50; 367412,6; 96,86
0,0; 0,0; 13,4; 116,34; 363776,1; 95,89
0,0; 0,0; 12,4; 114,72; 358700,7; 94,65
0,0; 0,0; 11,4; 113,02; 353405,4; 93,15
0,0; 0,0; 10,4; 110,74; 346260,4; 91,40
0,0; 0,0; 9,4; 108,14; 338140,1; 89,37
0,0; 0,0; 8,4; 105,46; 329755,3; 86,87
0,0; 0,0; 7,3; 101,64; 317818,1; 83,80
0,0; 0,0; 6,3; 97,51; 304905,3; 80,37
0,0; 0,0; 5,3; 92,56; 289408,0; 76,13
0,0; 0,0; 4,3; 86,13; 269303,8; 71,03
0,0; 0,0; 3,3; 78,75; 246228,4; 64,92
0,0; 0,0; 2,3; 69,83; 218356,3; 57,61
0,0; 0,0; 1,3; 61,67; 192816,9; 50,89
0,0; 0,0; 0,0; 56,69; 177257,5; 46,83


Measurement time:; 12/8/2024 15:27:57
Radiation device:; Platform Accelerator
Energy:; 15 MV 
Controller:; CCU
Measurement device:; Blue Phantom 2  (48*48*41)
Field detector:; CC 13 SN 14317
Reference detector:; CC 13 SN 14316
SAD:; 1000 mm
SSD:; 1000 mm
Field size:; 50 x 50 mm
Gantry angle:; 0
Measurement medium:; Water
Scan type:; Beam
Scan mode:; Continuous
Wedge:; none

Points [mm]:
Inline; Crossline; Depth; Normalized field; Current field; Ratio
0,0; 0,0; 250,0; 37,99; 118789,0; 37,53
0,0; 0,0; 249,3; 40,21; 125724,4; 37,18
0,0; 0,0; 248,2; 40,49; 126614,2; 37,45
0,0; 0,0; 247,2; 40,61; 126991,6; 37,65
0,0; 0,0; 246,2; 40,87; 127784,8; 37,85
0,0; 0,0; 245,2; 41,06; 128382,8; 37,96
0,0; 0,0; 244,2; 41,27; 129050,8; 38,10
0,0; 0,0; 243,2; 41,41; 129476,7; 38,25
0,0; 0,0; 242,2; 41,65; 130223,0; 38,53
0,0; 0,0; 241,2; 41,85; 130844,9; 38,62
0,0; 0,0; 240,2; 42,01; 131373,0; 38,83
0,0; 0,0; 239,2; 42,14; 131777,3; 39,02
0,0; 0,0; 238,2; 42,42; 132642,3; 39,16
0,0; 0,0; 237,2; 42,65; 133348,1; 39,40
0,0; 0,0; 236,2; 42,91; 134167,3; 39,70
0,0; 0,0; 235,2; 43,01; 134480,8; 39,82
0,0; 0,0; 234,2; 43,22; 135152,9; 40,00
0,0; 0,0; 233,2; 43,49; 135986,4; 40,15
0,0; 0,0; 232,2; 43,59; 136299,0; 40,30
0,0; 0,0; 231,2; 43,80; 136943,1; 40,55
0,0; 0,0; 230,1; 44,11; 137915,5; 40,74
0,0; 0,0; 229,1; 44,27; 138437,6; 40,89
0,0; 0,0; 228,1; 44,43; 138912,3; 41,03
0,0; 0,0; 227,2; 44,72; 139839,9; 41,25
0,0; 0,0; 226,1; 44,88; 140342,0; 41,36
0,0; 0,0; 225,1; 45,08; 140953,4; 41,62
0,0; 0,0; 224,1; 45,37; 141870,3; 41,83
0,0; 0,0; 223,1; 45,47; 142171,8; 42,02
0,0; 0,0; 222,1; 45,71; 142934,3; 42,21
0,0; 0,0; 221,1; 46,00; 143849,6; 42,37
0,0; 0,0; 220,1; 46,17; 144368,3; 42,66
0,0; 0,0; 219,1; 46,38; 145009,6; 42,72
0,0; 0,0; 218,1; 46,56; 145579,0; 43,04
0,0; 0,0; 217,1; 46,78; 146283,8; 43,20
0,0; 0,0; 216,1; 47,02; 147020,6; 43,39
0,0; 0,0; 215,1; 47,29; 147877,1; 43,68
0,0; 0,0; 214,1; 47,48; 148467,8; 43,80
0,0; 0,0; 213,1; 47,61; 148861,2; 43,95
0,0; 0,0; 212,1; 47,85; 149605,5; 44,13
0,0; 0,0; 211,1; 48,11; 150429,5; 44,34
0,0; 0,0; 210,1; 48,30; 151039,3; 44,65
0,0; 0,0; 209,1; 48,60; 151968,5; 44,80
0,0; 0,0; 208,1; 48,83; 152683,6; 45,02
0,0; 0,0; 207,1; 49,00; 153201,0; 45,26
0,0; 0,0; 206,1; 49,24; 153958,7; 45,36
0,0; 0,0; 205,1; 49,47; 154675,8; 45,66
0,0; 0,0; 204,1; 49,58; 155041,1; 45,77
0,0; 0,0; 203,1; 49,89; 155989,5; 46,00
0,0; 0,0; 202,1; 50,19; 156941,5; 46,28
0,0; 0,0; 201,1; 50,48; 157833,3; 46,45
0,0; 0,0; 200,1; 50,49; 157881,7; 46,68
0,0; 0,0; 199,1; 50,95; 159324,5; 46,91
0,0; 0,0; 198,1; 51,11; 159800,1; 47,05
0,0; 0,0; 197,0; 51,42; 160787,7; 47,48
0,0; 0,0; 196,0; 51,54; 161152,6; 47,61
0,0; 0,0; 195,0; 51,84; 162080,3; 47,83
0,0; 0,0; 194,0; 52,10; 162920,3; 47,97
0,0; 0,0; 193,0; 52,24; 163331,1; 48,17
0,0; 0,0; 192,0; 52,53; 164249,4; 48,37
0,0; 0,0; 191,0; 52,83; 165190,9; 48,63
0,0; 0,0; 190,0; 53,01; 165766,9; 48,74
0,0; 0,0; 189,0; 53,30; 166652,7; 49,04
0,0; 0,0; 188,0; 53,45; 167142,0; 49,32
0,0; 0,0; 187,0; 53,86; 168400,4; 49,62
0,0; 0,0; 186,0; 54,03; 168951,4; 49,72
0,0; 0,0; 185,0; 54,38; 170024,1; 50,07
0,0; 0,0; 184,0; 54,74; 171157,4; 50,31
0,0; 0,0; 183,0; 54,77; 171270,4; 50,48
0,0; 0,0; 182,0; 55,07; 172208,4; 50,72
0,0; 0,0; 181,0; 55,29; 172879,5; 50,95
0,0; 0,0; 180,0; 55,63; 173938,5; 51,27
0,0; 0,0; 179,0; 55,89; 174750,2; 51,46
0,0; 0,0; 178,0; 56,16; 175610,4; 51,60
0,0; 0,0; 177,0; 56,40; 176340,8; 52,00
0,0; 0,0; 176,0; 56,62; 177043,5; 52,23
0,0; 0,0; 175,0; 56,96; 178101,1; 52,38
0,0; 0,0; 174,0; 57,20; 178859,5; 52,55
0,0; 0,0; 173,0; 57,44; 179609,7; 52,94
0,0; 0,0; 172,0; 57,74; 180552,2; 53,13
0,0; 0,0; 171,0; 58,05; 181510,3; 53,43
0,0; 0,0; 170,0; 58,35; 182445,5; 53,74
0,0; 0,0; 169,0; 58,51; 182939,0; 53,88
0,0; 0,0; 168,0; 58,86; 184047,0; 53,99
0,0; 0,0; 166,9; 59,05; 184628,9; 54,51
0,0; 0,0; 165,9; 59,31; 185442,1; 54,64
0,0; 0,0; 164,9; 59,62; 186426,0; 54,83
0,0; 0,0; 163,9; 59,95; 187451,9; 55,10
0,0; 0,0; 162,9; 60,36; 188749,6; 55,51
0,0; 0,0; 161,9; 60,41; 188901,7; 55,73
0,0; 0,0; 160,9; 60,84; 190233,4; 55,89
0,0; 0,0; 159,9; 61,03; 190838,4; 56,25
0,0; 0,0; 158,9; 61,20; 191361,1; 56,39
0,0; 0,0; 157,9; 61,65; 192773,8; 56,78
0,0; 0,0; 156,9; 61,88; 193501,4; 56,97
0,0; 0,0; 155,9; 62,25; 194661,6; 57,22
0,0; 0,0; 154,9; 62,57; 195634,7; 57,63
0,0; 0,0; 153,9; 62,82; 196433,7; 57,78
0,0; 0,0; 152,9; 63,09; 197267,5; 58,01
0,0; 0,0; 151,9; 63,52; 198631,0; 58,33
0,0; 0,0; 150,9; 63,81; 199527,4; 58,63
0,0; 0,0; 149,9; 64,01; 200160,0; 58,93
0,0; 0,0; 148,9; 64,46; 201553,7; 59,21
0,0; 0,0; 147,9; 64,64; 202105,0; 59,43
0,0; 0,0; 146,9; 64,88; 202873,6; 59,84
0,0; 0,0; 145,9; 65,30; 204189,6; 60,04
0,0; 0,0; 144,9; 65,47; 204718,3; 60,37
0,0; 0,0; 143,9; 65,83; 205834,5; 60,53
0,0; 0,0; 142,9; 66,14; 206812,1; 60,80
0,0; 0,0; 141,9; 66,52; 207991,2; 61,10
0,0; 0,0; 140,8; 66,81; 208902,3; 61,40
0,0; 0,0; 139,9; 67,06; 209688,7; 61,64
0,0; 0,0; 138,9; 67,49; 211017,1; 61,96
0,0; 0,0; 137,9; 67,77; 211909,4; 62,30
0,0; 0,0; 136,8; 68,14; 213062,8; 62,54
0,0; 0,0; 135,8; 68,34; 213695,7; 62,75
0,0; 0,0; 134,9; 68,73; 214901,7; 63,15
0,0; 0,0; 133,8; 69,09; 216026,3; 63,42
0,0; 0,0; 132,8; 69,36; 216869,5; 63,82
0,0; 0,0; 131,8; 69,78; 218180,0; 64,03
0,0; 0,0; 130,8; 70,06; 219070,9; 64,31
0,0; 0,0; 129,8; 70,36; 220016,6; 64,65
0,0; 0,0; 128,8; 70,77; 221284,4; 65,03
0,0; 0,0; 127,8; 71,01; 222038,2; 65,31
0,0; 0,0; 126,8; 71,46; 223436,2; 65,50
0,0; 0,0; 125,8; 71,72; 224259,4; 65,85
0,0; 0,0; 124,8; 72,00; 225123,8; 66,22
0,0; 0,0; 123,8; 72,39; 226355,2; 66,60
0,0; 0,0; 122,8; 72,77; 227548,8; 66,91
0,0; 0,0; 121,8; 73,07; 228480,8; 67,13
0,0; 0,0; 120,8; 73,35; 229366,1; 67,40
0,0; 0,0; 119,8; 73,82; 230812,7; 67,73
0,0; 0,0; 118,8; 74,04; 231507,9; 68,27
0,0; 0,0; 117,8; 74,58; 233203,5; 68,37
0,0; 0,0; 116,8; 74,71; 233610,0; 68,61
0,0; 0,0; 115,8; 75,10; 234833,2; 68,99
0,0; 0,0; 114,8; 75,53; 236163,7; 69,42
0,0; 0,0; 113,8; 76,01; 237669,6; 69,66
0,0; 0,0; 112,8; 75,97; 237534,7; 69,94
0,0; 0,0; 111,8; 76,50; 239218,1; 70,26
0,0; 0,0; 110,8; 76,96; 240642,7; 70,51
0,0; 0,0; 109,8; 77,25; 241563,2; 70,99
0,0; 0,0; 108,8; 77,59; 242613,0; 71,35
0,0; 0,0; 107,8; 77,97; 243794,1; 71,67
0,0; 0,0; 106,8; 78,42; 245195,9; 71,87
0,0; 0,0; 105,8; 78,69; 246063,8; 72,44
0,0; 0,0; 104,8; 79,18; 247578,8; 72,64
0,0; 0,0; 103,7; 79,39; 248253,5; 72,97
0,0; 0,0; 102,7; 79,87; 249754,3; 73,40
0,0; 0,0; 101,7; 80,25; 250920,4; 73,64
0,0; 0,0; 100,7; 80,70; 252350,1; 74,08
0,0; 0,0; 99,8; 81,12; 253642,5; 74,48
0,0; 0,0; 98,7; 81,37; 254444,5; 74,73
0,0; 0,0; 97,7; 81,84; 255911,7; 75,21
0,0; 0,0; 96,7; 82,19; 257005,3; 75,38
0,0; 0,0; 95,7; 82,61; 258295,1; 75,79
0,0; 0,0; 94,7; 82,79; 258866,2; 76,14
0,0; 0,0; 93,7; 83,24; 260283,9; 76,55
0,0; 0,0; 92,7; 83,77; 261925,0; 76,95
0,0; 0,0; 91,7; 84,00; 262650,9; 77,24
0,0; 0,0; 90,7; 84,38; 263845,4; 77,49
0,0; 0,0; 89,7; 84,90; 265468,7; 78,07
0,0; 0,0; 88,7; 85,20; 266405,7; 78,19
0,0; 0,0; 87,7; 85,62; 267709,6; 78,53
0,0; 0,0; 86,7; 85,98; 268842,0; 78,96
0,0; 0,0; 85,7; 86,29; 269823,6; 79,41
0,0; 0,0; 84,7; 86,88; 271669,9; 79,88
0,0; 0,0; 83,7; 87,31; 272996,1; 80,07
0,0; 0,0; 82,7; 87,92; 274901,9; 80,58
0,0; 0,0; 81,7; 88,02; 275228,6; 80,77
0,0; 0,0; 80,7; 88,31; 276136,5; 81,30
0,0; 0,0; 79,7; 88,83; 277772,4; 81,71
0,0; 0,0; 78,7; 89,41; 279559,4; 81,96
0,0; 0,0; 77,7; 89,59; 280133,3; 82,20
0,0; 0,0; 76,7; 90,24; 282165,5; 82,84
0,0; 0,0; 75,7; 90,50; 282975,0; 82,94
0,0; 0,0; 74,7; 90,89; 284195,0; 83,65
0,0; 0,0; 73,7; 91,07; 284765,7; 83,85
0,0; 0,0; 72,7; 91,81; 287069,2; 84,31
0,0; 0,0; 71,6; 92,14; 288121,9; 84,80
0,0; 0,0; 70,6; 92,51; 289262,7; 85,08
0,0; 0,0; 69,6; 93,07; 291009,1; 85,48
0,0; 0,0; 68,6; 93,27; 291639,0; 85,74
0,0; 0,0; 67,6; 93,98; 293874,0; 86,21
0,0; 0,0; 66,6; 94,22; 294616,4; 86,60
0,0; 0,0; 65,6; 94,86; 296599,2; 86,94
0,0; 0,0; 64,6; 95,07; 297256,1; 87,50
0,0; 0,0; 63,6; 95,88; 299802,7; 87,78
0,0; 0,0; 62,6; 96,07; 300387,9; 88,30
0,0; 0,0; 61,6; 96,58; 301979,7; 88,66
0,0; 0,0; 60,6; 97,17; 303840,1; 89,05
0,0; 0,0; 59,6; 97,61; 305215,0; 89,69
0,0; 0,0; 58,6; 97,94; 306253,8; 89,95
0,0; 0,0; 57,6; 98,19; 307015,3; 90,16
0,0; 0,0; 56,6; 98,66; 308480,1; 90,54
0,0; 0,0; 55,6; 99,11; 309902,9; 90,85
0,0; 0,0; 54,6; 99,76; 311943,0; 91,50
0,0; 0,0; 53,6; 100,02; 312738,2; 91,79
0,0; 0,0; 52,6; 100,40; 313919,7; 92,17
0,0; 0,0; 51,6; 100,87; 315394,3; 92,56
0,0; 0,0; 50,5; 101,48; 317314,4; 93,05
0,0; 0,0; 49,5; 101,90; 318639,4; 93,48
0,0; 0,0; 48,5; 102,16; 319423,1; 93,75
0,0; 0,0; 47,5; 102,67; 321041,0; 94,26
0,0; 0,0; 46,5; 103,23; 322795,3; 94,59
0,0; 0,0; 45,5; 103,32; 323060,4; 95,12
0,0; 0,0; 44,5; 104,06; 325384,5; 95,44
0,0; 0,0; 43,5; 104,61; 327101,2; 95,89
0,0; 0,0; 42,5; 104,63; 327174,1; 96,36
0,0; 0,0; 41,5; 105,19; 328905,4; 96,44
0,0; 0,0; 40,5; 105,42; 329618,2; 96,88
0,0; 0,0; 39,5; 105,69; 330481,3; 97,37
0,0; 0,0; 38,5; 106,16; 331937,9; 97,52
0,0; 0,0; 37,5; 106,83; 334044,9; 97,98
0,0; 0,0; 36,5; 106,98; 334497,3; 98,16
0,0; 0,0; 35,4; 107,42; 335885,7; 98,63
0,0; 0,0; 34,5; 107,82; 337141,8; 98,99
0,0; 0,0; 33,4; 107,71; 336786,8; 99,06
0,0; 0,0; 32,4; 108,43; 339044,0; 99,44
0,0; 0,0; 31,4; 108,50; 339261,2; 99,43
0,0; 0,0; 30,4; 108,58; 339509,4; 99,58
0,0; 0,0; 29,4; 108,74; 340004,2; 100,00
0,0; 0,0; 28,4; 108,77; 340114,9; 99,63
0,0; 0,0; 27,4; 108,93; 340592,7; 99,73
0,0; 0,0; 26,4; 108,85; 340362,7; 99,76
0,0; 0,0; 25,4; 108,84; 340322,4; 99,56
0,0; 0,0; 24,4; 108,51; 339290,6; 99,46
0,0; 0,0; 23,4; 108,15; 338171,4; 99,01
0,0; 0,0; 22,4; 107,66; 336621,9; 98,73
0,0; 0,0; 21,4; 107,13; 334992,9; 98,43
0,0; 0,0; 20,4; 106,96; 334432,9; 97,91
0,0; 0,0; 19,4; 105,98; 331387,8; 96,98
0,0; 0,0; 18,4; 104,85; 327841,0; 96,35
0,0; 0,0; 17,4; 103,75; 324423,7; 95,40
0,0; 0,0; 16,4; 102,58; 320765,6; 94,22
0,0; 0,0; 15,3; 100,94; 315610,4; 92,73
0,0; 0,0; 14,3; 99,36; 310676,4; 90,97
0,0; 0,0; 13,4; 97,39; 304508,0; 89,45
0,0; 0,0; 12,3; 95,21; 297720,4; 87,28
0,0; 0,0; 11,3; 92,48; 289159,5; 85,00
0,0; 0,0; 10,3; 89,70; 280472,5; 82,21
0,0; 0,0; 9,3; 86,00; 268911,4; 79,05
0,0; 0,0; 8,3; 81,99; 256360,3; 75,35
0,0; 0,0; 7,3; 77,90; 243596,3; 71,40
0,0; 0,0; 6,3; 72,43; 226479,7; 66,50
0,0; 0,0; 5,3; 66,63; 208352,7; 61,10
0,0; 0,0; 4,3; 59,42; 185799,9; 54,50
0,0; 0,0; 3,3; 51,23; 160191,4; 47,11
0,0; 0,0; 2,3; 42,08; 131593,1; 38,61
0,0; 0,0; 1,3; 34,60; 108182,2; 31,75
0,0; 0,0; 0,0; 30,36; 94943,6; 27,87


Measurement time:; 12/8/2024 15:38:01
Radiation device:; Platform Accelerator
Energy:; 15 MV 
Controller:; CCU
Measurement device:; Blue Phantom 2  (48*48*41)
Field detector:; CC 13 SN 14317
Reference detector:; CC 13 SN 14316
SAD:; 1000 mm
SSD:; 1000 mm
Field size:; 300 x 300 mm
Gantry angle:; 0
Measurement medium:; Water
Scan type:; Beam
Scan mode:; Continuous
Wedge:; none

Points [mm]:
Inline; Crossline; Depth; Normalized field; Current field; Ratio
0,0; 0,0; 250,0; 53,12; 166110,3; 43,31
0,0; 0,0; 249,3; 54,00; 168859,7; 43,76
0,0; 0,0; 248,2; 54,43; 170202,6; 44,00
0,0; 0,0; 247,2; 54,67; 170932,1; 44,18
0,0; 0,0; 246,2; 54,73; 171125,7; 44,32
0,0; 0,0; 245,2; 55,04; 172111,5; 44,48
0,0; 0,0; 244,2; 55,18; 172545,3; 44,65
0,0; 0,0; 243,2; 55,48; 173488,5; 44,80
0,0; 0,0; 242,2; 55,72; 174236,6; 45,08
0,0; 0,0; 241,2; 55,94; 174921,8; 45,28
0,0; 0,0; 240,2; 56,02; 175171,0; 45,29
0,0; 0,0; 239,2; 56,21; 175765,0; 45,51
0,0; 0,0; 238,2; 56,56; 176868,2; 45,73
0,0; 0,0; 237,2; 56,79; 177584,7; 45,85
0,0; 0,0; 236,2; 57,07; 178436,1; 46,18
0,0; 0,0; 235,2; 57,22; 178933,3; 46,19
0,0; 0,0; 234,2; 57,43; 179586,1; 46,45
0,0; 0,0; 233,1; 57,68; 180342,9; 46,62
0,0; 0,0; 232,1; 57,91; 181066,9; 46,75
0,0; 0,0; 231,2; 57,99; 181313,8; 46,94
0,0; 0,0; 230,1; 58,26; 182157,6; 47,14
0,0; 0,0; 229,1; 58,58; 183166,6; 47,34
0,0; 0,0; 228,1; 58,73; 183646,4; 47,54
0,0; 0,0; 227,1; 59,08; 184726,5; 47,73
0,0; 0,0; 226,1; 59,21; 185141,0; 47,91
0,0; 0,0; 225,1; 59,51; 186065,8; 48,03
0,0; 0,0; 224,1; 59,82; 187043,6; 48,31
0,0; 0,0; 223,1; 59,99; 187588,8; 48,53
0,0; 0,0; 222,1; 60,15; 188081,3; 48,65
0,0; 0,0; 221,1; 60,36; 188739,7; 48,88
0,0; 0,0; 220,1; 60,68; 189738,1; 49,02
0,0; 0,0; 219,1; 60,94; 190540,6; 49,22
0,0; 0,0; 218,1; 61,01; 190779,8; 49,41
0,0; 0,0; 217,1; 61,31; 191705,6; 49,60
0,0; 0,0; 216,1; 61,56; 192482,0; 49,78
0,0; 0,0; 215,1; 61,72; 192997,7; 49,96
0,0; 0,0; 214,1; 61,95; 193704,7; 50,16
0,0; 0,0; 213,1; 62,25; 194641,0; 50,39
0,0; 0,0; 212,1; 62,49; 195409,7; 50,54
0,0; 0,0; 211,1; 62,71; 196084,4; 50,76
0,0; 0,0; 210,1; 63,14; 197420,8; 50,96
0,0; 0,0; 209,1; 63,28; 197864,3; 51,16
0,0; 0,0; 208,1; 63,47; 198465,3; 51,31
0,0; 0,0; 207,1; 63,84; 199620,6; 51,56
0,0; 0,0; 206,1; 63,96; 199987,4; 51,75
0,0; 0,0; 205,1; 64,18; 200682,3; 51,90
0,0; 0,0; 204,1; 64,44; 201490,9; 52,12
0,0; 0,0; 203,1; 64,75; 202461,7; 52,35
0,0; 0,0; 202,1; 64,95; 203101,2; 52,58
0,0; 0,0; 201,1; 65,21; 203914,9; 52,78
0,0; 0,0; 200,1; 65,35; 204341,5; 52,88
0,0; 0,0; 199,1; 65,92; 206107,8; 53,23
0,0; 0,0; 198,1; 65,89; 206029,5; 53,31
0,0; 0,0; 197,1; 66,33; 207391,2; 53,58
0,0; 0,0; 196,1; 66,65; 208409,5; 53,82
0,0; 0,0; 195,1; 66,50; 207936,7; 53,95
0,0; 0,0; 194,0; 67,12; 209864,2; 54,26
0,0; 0,0; 193,1; 67,36; 210638,1; 54,50
0,0; 0,0; 192,0; 67,57; 211270,5; 54,66
0,0; 0,0; 191,0; 67,70; 211695,7; 54,86
0,0; 0,0; 190,0; 68,00; 212639,2; 55,05
0,0; 0,0; 189,0; 68,34; 213699,8; 55,25
0,0; 0,0; 188,0; 68,47; 214090,7; 55,48
0,0; 0,0; 187,0; 68,70; 214807,8; 55,65
0,0; 0,0; 186,0; 69,17; 216296,4; 55,99
0,0; 0,0; 185,0; 69,32; 216755,1; 56,14
0,0; 0,0; 184,0; 69,70; 217930,8; 56,44
0,0; 0,0; 183,0; 69,83; 218350,6; 56,65
0,0; 0,0; 182,0; 70,18; 219443,9; 56,78
0,0; 0,0; 181,0; 70,42; 220199,6; 56,99
0,0; 0,0; 180,0; 70,69; 221041,5; 57,26
0,0; 0,0; 179,0; 71,09; 222292,3; 57,42
0,0; 0,0; 178,0; 71,29; 222922,9; 57,69
0,0; 0,0; 177,0; 71,59; 223857,2; 57,93
0,0; 0,0; 176,0; 71,81; 224535,1; 58,14
0,0; 0,0; 175,0; 71,97; 225031,4; 58,30
0,0; 0,0; 174,0; 72,32; 226129,5; 58,56
0,0; 0,0; 173,0; 72,54; 226816,5; 58,72
0,0; 0,0; 172,0; 73,05; 228423,9; 58,96
0,0; 0,0; 171,0; 73,20; 228873,2; 59,19
0,0; 0,0; 170,0; 73,42; 229570,6; 59,40
0,0; 0,0; 169,0; 73,76; 230642,0; 59,70
0,0; 0,0; 168,0; 74,11; 231717,5; 59,87
0,0; 0,0; 167,0; 74,27; 232233,0; 60,18
0,0; 0,0; 166,0; 74,51; 232975,8; 60,42
0,0; 0,0; 165,0; 75,03; 234612,6; 60,57
0,0; 0,0; 164,0; 75,22; 235214,7; 60,78
0,0; 0,0; 163,0; 75,51; 236097,7; 61,11
0,0; 0,0; 161,9; 75,89; 237285,2; 61,30
0,0; 0,0; 160,9; 76,03; 237720,0; 61,55
0,0; 0,0; 159,9; 76,26; 238457,1; 61,81
0,0; 0,0; 158,9; 76,55; 239372,8; 62,04
0,0; 0,0; 157,9; 76,89; 240426,9; 62,23
0,0; 0,0; 156,9; 77,30; 241707,2; 62,51
0,0; 0,0; 155,9; 77,41; 242064,4; 62,74
0,0; 0,0; 154,9; 77,86; 243456,9; 63,03
0,0; 0,0; 153,9; 78,09; 244174,7; 63,16
0,0; 0,0; 152,9; 78,49; 245415,3; 63,48
0,0; 0,0; 151,9; 78,86; 246596,0; 63,69
0,0; 0,0; 150,9; 79,25; 247815,2; 64,06
0,0; 0,0; 149,9; 79,40; 248262,1; 64,20
0,0; 0,0; 148,9; 79,69; 249178,5; 64,48
0,0; 0,0; 147,9; 79,97; 250054,3; 64,67
0,0; 0,0; 146,9; 80,35; 251246,0; 64,96
0,0; 0,0; 145,9; 80,74; 252473,1; 65,22
0,0; 0,0; 144,9; 80,92; 253036,7; 65,43
0,0; 0,0; 143,9; 81,08; 253537,8; 65,65
0,0; 0,0; 142,9; 81,66; 255331,5; 65,93
0,0; 0,0; 141,9; 81,85; 255922,9; 66,18
0,0; 0,0; 140,9; 82,26; 257211,3; 66,47
0,0; 0,0; 139,9; 82,28; 257263,3; 66,62
0,0; 0,0; 138,9; 82,77; 258815,6; 66,90
0,0; 0,0; 137,9; 82,87; 259106,4; 67,19
0,0; 0,0; 136,9; 83,39; 260742,6; 67,38
0,0; 0,0; 135,9; 83,90; 262339,5; 67,71
0,0; 0,0; 134,9; 83,96; 262532,2; 67,93
0,0; 0,0; 133,9; 84,35; 263753,5; 68,14
0,0; 0,0; 132,9; 84,72; 264910,5; 68,47
0,0; 0,0; 131,9; 84,95; 265640,0; 68,65
0,0; 0,0; 130,8; 85,04; 265908,6; 69,05
0,0; 0,0; 129,9; 85,64; 267792,9; 69,26
0,0; 0,0; 128,8; 86,21; 269572,4; 69,51
0,0; 0,0; 127,8; 86,13; 269300,8; 69,74
0,0; 0,0; 126,8; 86,68; 271027,3; 70,04
0,0; 0,0; 125,8; 86,99; 271989,4; 70,28
0,0; 0,0; 124,8; 87,35; 273115,2; 70,58
0,0; 0,0; 123,8; 87,58; 273854,4; 70,75
0,0; 0,0; 122,8; 87,96; 275031,3; 71,11
0,0; 0,0; 121,8; 88,11; 275521,5; 71,40
0,0; 0,0; 120,8; 88,56; 276923,9; 71,60
0,0; 0,0; 119,8; 89,03; 278373,5; 71,93
0,0; 0,0; 118,8; 89,05; 278458,2; 72,16
0,0; 0,0; 117,8; 89,60; 280153,2; 72,48
0,0; 0,0; 116,8; 89,93; 281195,4; 72,69
0,0; 0,0; 115,8; 90,24; 282177,7; 72,94
0,0; 0,0; 114,8; 90,53; 283087,9; 73,22
0,0; 0,0; 113,8; 90,72; 283660,8; 73,55
0,0; 0,0; 112,8; 91,24; 285279,4; 73,79
0,0; 0,0; 111,8; 91,85; 287185,9; 74,08
0,0; 0,0; 110,8; 91,77; 286961,6; 74,31
0,0; 0,0; 109,8; 92,14; 288117,2; 74,62
0,0; 0,0; 108,8; 92,72; 289913,6; 74,94
0,0; 0,0; 107,8; 92,93; 290585,3; 75,21
0,0; 0,0; 106,8; 93,15; 291273,9; 75,41
0,0; 0,0; 105,8; 93,83; 293382,2; 75,81
0,0; 0,0; 104,8; 94,21; 294570,8; 76,12
0,0; 0,0; 103,8; 94,16; 294418,2; 76,31
0,0; 0,0; 102,8; 94,57; 295709,8; 76,57
0,0; 0,0; 101,7; 95,16; 297563,6; 76,93
0,0; 0,0; 100,8; 95,45; 298464,2; 77,17
0,0; 0,0; 99,8; 95,76; 299435,7; 77,39
0,0; 0,0; 98,8; 96,06; 300357,5; 77,67
0,0; 0,0; 97,8; 96,64; 302181,0; 78,11
0,0; 0,0; 96,7; 96,85; 302834,2; 78,23
0,0; 0,0; 95,7; 97,26; 304108,0; 78,64
0,0; 0,0; 94,7; 97,68; 305430,1; 78,84
0,0; 0,0; 93,7; 97,73; 305580,7; 79,18
0,0; 0,0; 92,7; 98,09; 306700,1; 79,42
0,0; 0,0; 91,7; 98,52; 308046,6; 79,62
0,0; 0,0; 90,7; 98,95; 309405,4; 80,11
0,0; 0,0; 89,7; 99,19; 310156,5; 80,36
0,0; 0,0; 88,7; 99,72; 311796,0; 80,70
0,0; 0,0; 87,7; 100,15; 313143,9; 80,94
0,0; 0,0; 86,7; 100,32; 313697,8; 81,21
0,0; 0,0; 85,7; 100,89; 315451,8; 81,53
0,0; 0,0; 84,7; 101,38; 317013,6; 81,86
0,0; 0,0; 83,7; 101,63; 317792,5; 82,14
0,0; 0,0; 82,7; 101,83; 318405,8; 82,42
0,0; 0,0; 81,7; 102,23; 319659,8; 82,73
0,0; 0,0; 80,7; 102,78; 321366,5; 83,08
0,0; 0,0; 79,7; 103,28; 322954,4; 83,39
0,0; 0,0; 78,7; 103,29; 322959,0; 83,72
0,0; 0,0; 77,7; 103,96; 325058,9; 83,97
0,0; 0,0; 76,7; 104,11; 325546,3; 84,27
0,0; 0,0; 75,7; 104,55; 326902,2; 84,59
0,0; 0,0; 74,7; 104,94; 328135,9; 84,86
0,0; 0,0; 73,7; 105,22; 329002,5; 85,11
0,0; 0,0; 72,7; 105,65; 330338,2; 85,53
0,0; 0,0; 71,7; 106,08; 331689,2; 85,82
0,0; 0,0; 70,6; 106,57; 333232,4; 86,26
0,0; 0,0; 69,6; 107,00; 334562,4; 86,46
0,0; 0,0; 68,6; 107,26; 335394,1; 86,67
0,0; 0,0; 67,6; 107,72; 336824,4; 87,08
0,0; 0,0; 66,6; 108,20; 338312,6; 87,34
0,0; 0,0; 65,6; 108,42; 339022,3; 87,74
0,0; 0,0; 64,6; 108,82; 340270,2; 88,04
0,0; 0,0; 63,6; 109,18; 341402,8; 88,32
0,0; 0,0; 62,6; 109,41; 342100,8; 88,57
0,0; 0,0; 61,6; 110,09; 344248,8; 88,93
0,0; 0,0; 60,6; 110,49; 345495,5; 89,40
0,0; 0,0; 59,6; 110,66; 346000,9; 89,54
0,0; 0,0; 58,6; 111,07; 347284,0; 89,89
0,0; 0,0; 57,6; 111,62; 349026,1; 90,20
0,0; 0,0; 56,6; 111,91; 349940,0; 90,48
0,0; 0,0; 55,6; 112,29; 351097,8; 91,02
0,0; 0,0; 54,6; 112,65; 352226,9; 91,22
0,0; 0,0; 53,6; 113,24; 354089,3; 91,50
0,0; 0,0; 52,6; 113,78; 355780,0; 91,98
0,0; 0,0; 51,6; 113,95; 356302,3; 92,17
0,0; 0,0; 50,6; 114,29; 357377,7; 92,53
0,0; 0,0; 49,6; 114,89; 359249,5; 92,85
0,0; 0,0; 48,6; 115,12; 359953,8; 93,20
0,0; 0,0; 47,5; 115,79; 362049,1; 93,57
0,0; 0,0; 46,6; 115,92; 362464,6; 93,81
0,0; 0,0; 45,5; 116,38; 363914,9; 94,14
0,0; 0,0; 44,5; 116,74; 365036,1; 94,43
0,0; 0,0; 43,5; 117,54; 367514,2; 94,91
0,0; 0,0; 42,5; 117,54; 367520,4; 95,14
0,0; 0,0; 41,5; 118,04; 369098,9; 95,44
0,0; 0,0; 40,5; 118,41; 370237,3; 95,67
0,0; 0,0; 39,5; 118,64; 370980,1; 96,03
0,0; 0,0; 38,5; 119,27; 372942,7; 96,37
0,0; 0,0; 37,5; 119,34; 373151,2; 96,53
0,0; 0,0; 36,5; 119,90; 374910,9; 96,85
0,0; 0,0; 35,5; 120,40; 376466,4; 97,27
0,0; 0,0; 34,5; 120,79; 377681,1; 97,42
0,0; 0,0; 33,5; 120,97; 378249,4; 97,95
0,0; 0,0; 32,5; 121,16; 378861,9; 98,02
0,0; 0,0; 31,4; 121,73; 380623,9; 98,31
0,0; 0,0; 30,5; 122,14; 381915,6; 98,70
0,0; 0,0; 29,4; 122,59; 383311,3; 98,87
0,0; 0,0; 28,4; 122,68; 383598,8; 99,10
0,0; 0,0; 27,4; 122,80; 383977,2; 99,32
0,0; 0,0; 26,4; 123,08; 384859,5; 99,61
0,0; 0,0; 25,4; 123,31; 385575,1; 99,78
0,0; 0,0; 24,4; 123,63; 386579,9; 99,84
0,0; 0,0; 23,4; 123,42; 385917,4; 100,00
0,0; 0,0; 22,4; 123,56; 386363,1; 99,89
0,0; 0,0; 21,4; 123,31; 385585,4; 99,78
0,0; 0,0; 20,4; 123,75; 386952,5; 99,98
0,0; 0,0; 19,4; 123,45; 386010,7; 99,75
0,0; 0,0; 18,4; 123,30; 385530,9; 99,74
0,0; 0,0; 17,4; 122,82; 384048,2; 99,29
0,0; 0,0; 16,4; 122,14; 381920,1; 98,88
0,0; 0,0; 15,4; 121,49; 379885,0; 98,48
0,0; 0,0; 14,4; 120,97; 378269,1; 97,77
0,0; 0,0; 13,4; 119,95; 375069,6; 97,02
0,0; 0,0; 12,4; 118,77; 371380,2; 95,98
0,0; 0,0; 11,4; 117,41; 367131,3; 94,86
0,0; 0,0; 10,4; 115,25; 360354,6; 93,47
0,0; 0,0; 9,4; 113,54; 355010,5; 91,63
0,0; 0,0; 8,3; 110,65; 345981,4; 89,59
0,0; 0,0; 7,3; 107,67; 336655,8; 86,96
0,0; 0,0; 6,3; 104,01; 325209,3; 83,97
0,0; 0,0; 5,3; 99,47; 311040,6; 80,47
0,0; 0,0; 4,3; 93,72; 293046,9; 75,80
0,0; 0,0; 3,3; 87,36; 273172,2; 70,61
0,0; 0,0; 2,3; 79,27; 247856,2; 64,06
0,0; 0,0; 1,3; 71,86; 224709,1; 58,02
0,0; 0,0; 0,0; 66,96; 209370,7; 54,26


